IME_PRODAV;SF_PRODAJE;DATUM_TRAN;PROD_VRED;KLJUC
1;15069894;1.2.2022;190396;G-HSH-PbK-21107
1;15069894;1.2.2022;27375;G-HSH-PbK-21578
1;15069894;8.2.2022;387298;G-HSH-PbK-22297
1;15069894;8.2.2022;125990;G-HSH-PbK-22357
1;15069894;2.2.2022;23997;G-HSH-PbK-22433
1;15069894;1.2.2022;8499;G-HSH-PbK-22672
1;15069894;1.2.2022;62999;G-HSH-PbK-22722
1;15069894;1.2.2022;104499;G-HSH-PbK-22817
1;15069894;8.2.2022;66490;G-HSH-PbK-22987
1;15069894;7.2.2022;114797;G-HSH-PbK-23064
1;15069894;10.2.2022;29496;G-HSH-PbK-23090
1;15069894;4.2.2022;6147;G-HSH-PbK-23113
1;15069894;3.2.2022;107298;G-HSH-PbK-23123
1;15069894;4.2.2022;685754;G-HSH-PbK-23298
1;15069894;17.2.2022;21998;G-HSH-PbK-23302
1;15069894;7.2.2022;65999;G-HSH-PbK-23311
1;15069894;6.2.2022;71199;G-HSH-PbK-23346
1;15069894;9.2.2022;2899;G-HSH-PbK-23358
1;15069894;7.2.2022;152000;G-HSH-PbK-23367
1;15069894;9.2.2022;211992;G-HSH-PbK-23514
1;15069894;11.2.2022;9499;G-HSH-PbK-23583
1;15069894;24.2.2022;4599;G-HSH-PbK-23744
1;15069894;17.2.2022;20048;G-HSH-PbK-23826
1;15069894;10.2.2022;28299;G-HSH-PbK-23942
1;15069894;10.2.2022;65999;G-HSH-PbK-23963
1;15069894;11.2.2022;10595;G-HSH-PbK-24024
1;15069894;10.2.2022;112999;G-HSH-PbK-24061
1;15069894;10.2.2022;112999;G-HSH-PbK-24062
1;15069894;10.2.2022;38699;G-HSH-PbK-24071
1;15069894;10.2.2022;178997;G-HSH-PbK-24072
1;15069894;10.2.2022;5998;G-HSH-PbK-24119
1;15069894;11.2.2022;3899;G-HSH-PbK-24183
1;15069894;22.2.2022;25495;G-HSH-PbK-24189
1;15069894;21.2.2022;401912;G-HSH-PbK-24210
1;15069894;15.2.2022;15999;G-HSH-PbK-24227
1;15069894;15.2.2022;8699;G-HSH-PbK-24232
1;15069894;11.2.2022;29399;G-HSH-PbK-24257
1;15069894;11.2.2022;1299;G-HSH-PbK-24258
1;15069894;14.2.2022;18499;G-HSH-PbK-24388
1;15069894;17.2.2022;87998;G-HSH-PbK-24392
1;15069894;22.2.2022;404990;G-HSH-PbK-24436
1;15069894;22.2.2022;89999;G-HSH-PbK-24439
1;15069894;14.2.2022;136999;G-HSH-PbK-24446
1;15069894;17.2.2022;33999;G-HSH-PbK-24453
1;15069894;17.2.2022;7999;G-HSH-PbK-24508
1;15069894;14.2.2022;1099;G-HSH-PbK-24514
1;15069894;15.2.2022;10598;G-HSH-PbK-24552
1;15069894;15.2.2022;1349;G-HSH-PbK-24557
1;15069894;15.2.2022;15999;G-HSH-PbK-24585
1;15069894;15.2.2022;15999;G-HSH-PbK-24586
1;15069894;15.2.2022;15999;G-HSH-PbK-24587
1;15069894;15.2.2022;15999;G-HSH-PbK-24588
1;15069894;22.2.2022;17489;G-HSH-PbK-24697
1;15069894;19.2.2022;21599;G-HSH-PbK-24714
1;15069894;18.2.2022;12248;G-HSH-PbK-24723
1;15069894;17.2.2022;54999;G-HSH-PbK-24744
1;15069894;18.2.2022;2799;G-HSH-PbK-24864
1;15069894;21.2.2022;87999;G-HSH-PbK-24892
1;15069894;22.2.2022;30999;G-HSH-PbK-25001
1;15069894;23.2.2022;140498;G-HSH-PbK-25010
1;15069894;25.2.2022;72599;G-HSH-PbK-25107
1;15069894;21.2.2022;64999;G-HSH-PbK-25140
1;15069894;22.2.2022;55998;G-HSH-PbK-25163
1;15069894;22.2.2022;89999;G-HSH-PbK-25222
1;15069894;24.2.2022;95788;G-HSH-PbK-25235
1;15069894;25.2.2022;16796;G-HSH-PbK-25267
1;15069894;23.2.2022;18599;G-HSH-PbK-25357
1;15069894;24.2.2022;14999;G-HSH-PbK-25365
1;15069894;23.2.2022;9495;G-HSH-PbK-25415
1;15069894;23.2.2022;7998;G-HSH-PbK-25461
1;15069894;25.2.2022;48999;G-HSH-PbK-25498
1;15069894;24.2.2022;3899;G-HSH-PbK-25526
1;15069894;24.2.2022;149999;G-HSH-PbK-25529
1;15069894;25.2.2022;3599;G-HSH-PbK-25588
1;16005031;7.2.2022;63999;G-HSH-PbK-23100
1;16005031;11.2.2022;34000;G-HSH-PbK-24235
1;16005119;3.2.2022;750;G-HSH-PbK-22114
1;16005119;4.2.2022;6998;G-HSH-PbK-22337
1;16005119;1.2.2022;71109;G-HSH-PbK-22622
1;16005119;1.2.2022;6598;G-HSH-PbK-22640
1;16005119;1.2.2022;2859;G-HSH-PbK-22657
1;16005119;4.2.2022;2819;G-HSH-PbK-22694
1;16005119;3.2.2022;2469;G-HSH-PbK-22700
1;16005119;3.2.2022;6498;G-HSH-PbK-22733
1;16005119;1.2.2022;1749;G-HSH-PbK-22757
1;16005119;5.2.2022;4098;G-HSH-PbK-23365
1;16005119;17.2.2022;13998;G-HSH-PbK-24203
1;16005119;25.2.2022;20999;G-HSH-PbK-25544
1;16005119;25.2.2022;29598;G-HSH-PbK-25616
1;16005119;25.2.2022;29598;G-HSH-PbK-25671
1;16005119;26.2.2022;14799;G-HSH-PbK-25672
1;16005229;8.2.2022;64999;G-HSH-PbK-23555
1;16005229;7.2.2022;42500;G-HSH-PbK-23570
1;16005229;9.2.2022;4789;G-HSH-PbK-23628
1;16005229;8.2.2022;169999;G-HSH-PbK-23705
1;16005229;9.2.2022;3598;G-HSH-PbK-23719
1;16005229;14.2.2022;5999;G-HSH-PbK-23788
1;16005229;14.2.2022;3699;G-HSH-PbK-24375
1;16005229;18.2.2022;3499;G-HSH-PbK-24562
1;16005229;23.2.2022;6999;G-HSH-PbK-25129
1;16005229;23.2.2022;35869;G-HSH-PbK-25142
1;16005229;24.2.2022;15597;G-HSH-PbK-25384
1;16005229;26.2.2022;2799;G-HSH-PbK-25630
1;16005276;8.2.2022;515999;G-HSH-PbK-12827
1;16005276;1.2.2022;419632;G-HSH-PbK-21224
1;16005276;2.2.2022;42599;G-HSH-PbK-21840
1;16005276;11.2.2022;101997;G-HSH-PbK-21905
1;16005276;2.2.2022;12995;G-HSH-PbK-21912
1;16005276;15.2.2022;4398;G-HSH-PbK-22226
1;16005276;1.2.2022;68497;G-HSH-PbK-22369
1;16005276;11.2.2022;133393;G-HSH-PbK-22412
1;16005276;1.2.2022;24999;G-HSH-PbK-22426
1;16005276;1.2.2022;60697;G-HSH-PbK-22450
1;16005276;1.2.2022;105999;G-HSH-PbK-22512
1;16005276;11.2.2022;19791;G-HSH-PbK-22625
1;16005276;1.2.2022;51869;G-HSH-PbK-22634
1;16005276;3.2.2022;26669;G-HSH-PbK-22645
1;16005276;11.2.2022;7391;G-HSH-PbK-22683
1;16005276;2.2.2022;37999;G-HSH-PbK-22705
1;16005276;13.2.2022;149999;G-HSH-PbK-22837
1;16005276;1.2.2022;14698;G-HSH-PbK-22840
1;16005276;11.2.2022;19995;G-HSH-PbK-22841
1;16005276;4.2.2022;6999;G-HSH-PbK-22872
1;16005276;4.2.2022;8999;G-HSH-PbK-22874
1;16005276;17.2.2022;35980;G-HSH-PbK-22920
1;16005276;7.2.2022;2697;G-HSH-PbK-22924
1;16005276;5.2.2022;104999;G-HSH-PbK-22933
1;16005276;3.2.2022;98997;G-HSH-PbK-22938
1;16005276;8.2.2022;84198;G-HSH-PbK-22984
1;16005276;3.2.2022;79989;G-HSH-PbK-23030
1;16005276;9.2.2022;97998;G-HSH-PbK-23183
1;16005276;9.2.2022;30497;G-HSH-PbK-23207
1;16005276;11.2.2022;5999;G-HSH-PbK-23224
1;16005276;3.2.2022;19995;G-HSH-PbK-23255
1;16005276;8.2.2022;11999;G-HSH-PbK-23316
1;16005276;8.2.2022;81999;G-HSH-PbK-23323
1;16005276;4.2.2022;89999;G-HSH-PbK-23348
1;16005276;9.2.2022;18599;G-HSH-PbK-23408
1;16005276;17.2.2022;130195;G-HSH-PbK-23410
1;16005276;8.2.2022;4999;G-HSH-PbK-23536
1;16005276;7.2.2022;53997;G-HSH-PbK-23540
1;16005276;21.2.2022;1299;G-HSH-PbK-23727
1;16005276;11.2.2022;60999;G-HSH-PbK-23789
1;16005276;11.2.2022;6497;G-HSH-PbK-23891
1;16005276;15.2.2022;18198;G-HSH-PbK-23901
1;16005276;14.2.2022;14999;G-HSH-PbK-23938
1;16005276;17.2.2022;89999;G-HSH-PbK-23945
1;16005276;24.2.2022;9233;G-HSH-PbK-23962
1;16005276;18.2.2022;107996;G-HSH-PbK-24209
1;16005276;22.2.2022;11996;G-HSH-PbK-24379
1;16005276;16.2.2022;3896;G-HSH-PbK-24649
1;16005276;24.2.2022;8396;G-HSH-PbK-25500
1;1600672;9.2.2022;185998;G-HSH-PbK-19185
1;1600672;11.2.2022;3021175;G-HSH-PbK-20831
1;1600672;1.2.2022;7094;G-HSH-PbK-22331
1;1600672;1.2.2022;17069;G-HSH-PbK-22335
1;1600672;2.2.2022;132000;G-HSH-PbK-22440
1;1600672;7.2.2022;16594;G-HSH-PbK-22522
1;1600672;2.2.2022;216398;G-HSH-PbK-22523
1;1600672;7.2.2022;21596;G-HSH-PbK-22658
1;1600672;7.2.2022;89998;G-HSH-PbK-22667
1;1600672;1.2.2022;48879;G-HSH-PbK-22685
1;1600672;8.2.2022;122475;G-HSH-PbK-22696
1;1600672;4.2.2022;71999;G-HSH-PbK-22702
1;1600672;4.2.2022;439990;G-HSH-PbK-22752
1;1600672;4.2.2022;20000;G-HSH-PbK-22755
1;1600672;1.2.2022;1099;G-HSH-PbK-22820
1;1600672;3.2.2022;7998;G-HSH-PbK-22825
1;1600672;1.2.2022;16499;G-HSH-PbK-22851
1;1600672;7.2.2022;11198;G-HSH-PbK-22986
1;1600672;2.2.2022;12598;G-HSH-PbK-23049
1;1600672;14.2.2022;29690;G-HSH-PbK-23083
1;1600672;2.2.2022;3599;G-HSH-PbK-23087
1;1600672;7.2.2022;8898;G-HSH-PbK-23115
1;1600672;3.2.2022;19999;G-HSH-PbK-23156
1;1600672;21.2.2022;4699;G-HSH-PbK-23168
1;1600672;3.2.2022;6499;G-HSH-PbK-23177
1;1600672;3.2.2022;59999;G-HSH-PbK-23186
1;1600672;4.2.2022;25598;G-HSH-PbK-23188
1;1600672;7.2.2022;110997;G-HSH-PbK-23209
1;1600672;3.2.2022;4099;G-HSH-PbK-23222
1;1600672;4.2.2022;136297;G-HSH-PbK-23337
1;1600672;4.2.2022;53290;G-HSH-PbK-23340
1;1600672;5.2.2022;71999;G-HSH-PbK-23366
1;1600672;10.2.2022;8199;G-HSH-PbK-23370
1;1600672;10.2.2022;61799;G-HSH-PbK-23404
1;1600672;7.2.2022;49999;G-HSH-PbK-23512
1;1600672;8.2.2022;4499;G-HSH-PbK-23518
1;1600672;7.2.2022;63999;G-HSH-PbK-23521
1;1600672;10.2.2022;97998;G-HSH-PbK-23541
1;1600672;7.2.2022;8499;G-HSH-PbK-23564
1;1600672;8.2.2022;23999;G-HSH-PbK-23673
1;1600672;9.2.2022;317499;G-HSH-PbK-23720
1;1600672;9.2.2022;260499;G-HSH-PbK-23722
1;1600672;10.2.2022;9599;G-HSH-PbK-23725
1;1600672;9.2.2022;33999;G-HSH-PbK-23739
1;1600672;8.2.2022;2299;G-HSH-PbK-23781
1;1600672;9.2.2022;61795;G-HSH-PbK-23829
1;1600672;9.2.2022;14999;G-HSH-PbK-23830
1;1600672;11.2.2022;149992;G-HSH-PbK-23834
1;1600672;9.2.2022;3596;G-HSH-PbK-23836
1;1600672;15.2.2022;68996;G-HSH-PbK-23837
1;1600672;15.2.2022;17498;G-HSH-PbK-23843
1;1600672;9.2.2022;173976;G-HSH-PbK-23844
1;1600672;10.2.2022;7498;G-HSH-PbK-23849
1;1600672;9.2.2022;33995;G-HSH-PbK-23859
1;1600672;14.2.2022;132000;G-HSH-PbK-23887
1;1600672;10.2.2022;22999;G-HSH-PbK-24006
1;1600672;10.2.2022;47999;G-HSH-PbK-24013
1;1600672;10.2.2022;16999;G-HSH-PbK-24046
1;1600672;14.2.2022;324999;G-HSH-PbK-24069
1;1600672;11.2.2022;368991;G-HSH-PbK-24102
1;1600672;11.2.2022;843985;G-HSH-PbK-24114
1;1600672;17.2.2022;539990;G-HSH-PbK-24118
1;1600672;12.2.2022;23989;G-HSH-PbK-24246
1;1600672;17.2.2022;27999;G-HSH-PbK-24267
1;1600672;17.2.2022;989995;G-HSH-PbK-24272
1;1600672;18.2.2022;1999;G-HSH-PbK-24277
1;1600672;17.2.2022;1199;G-HSH-PbK-24397
1;1600672;22.2.2022;5399;G-HSH-PbK-24411
1;1600672;17.2.2022;54697;G-HSH-PbK-24504
1;1600672;22.2.2022;93998;G-HSH-PbK-24747
1;1600672;22.2.2022;25999;G-HSH-PbK-24760
1;1600672;18.2.2022;14999;G-HSH-PbK-24796
1;1600672;21.2.2022;5599;G-HSH-PbK-24802
1;1600672;26.2.2022;8597;G-HSH-PbK-24829
1;1600672;21.2.2022;35999;G-HSH-PbK-24902
1;1600672;18.2.2022;35999;G-HSH-PbK-24903
1;1600672;25.2.2022;7498;G-HSH-PbK-24938
1;1600672;21.2.2022;59999;G-HSH-PbK-24997
1;1600672;21.2.2022;10335810;G-HSH-PbK-25000
1;1600672;22.2.2022;28790;G-HSH-PbK-25034
1;1600672;25.2.2022;359703;G-HSH-PbK-25037
1;1600672;21.2.2022;5167905;G-HSH-PbK-25053
1;1600672;21.2.2022;5167905;G-HSH-PbK-25055
1;1600672;22.2.2022;210999;G-HSH-PbK-25193
1;1600672;22.2.2022;6799;G-HSH-PbK-25203
1;1600672;22.2.2022;99999;G-HSH-PbK-25207
1;1600672;22.2.2022;13592;G-HSH-PbK-25212
1;1600672;25.2.2022;7999;G-HSH-PbK-25255
1;1600672;23.2.2022;191980;G-HSH-PbK-25314
1;1600672;25.2.2022;12598;G-HSH-PbK-25366
1;1600672;23.2.2022;260220;G-HSH-PbK-25435
1;1600672;24.2.2022;635998;G-HSH-PbK-25514
1;1600672;25.2.2022;264000;G-HSH-PbK-25539
1;1600672;25.2.2022;5799;G-HSH-PbK-25644
1;1600801;2.2.2022;89999;G-HSH-PbK-20626
1;1600801;2.2.2022;19789;G-HSH-PbK-22648
1;1600801;2.2.2022;2999;G-HSH-PbK-22692
1;1600801;2.2.2022;14389;G-HSH-PbK-22945
1;1600801;1.2.2022;4999;G-HSH-PbK-22946
1;1600801;1.2.2022;1999;G-HSH-PbK-22947
1;1600801;8.2.2022;898;G-HSH-PbK-22948
1;1600801;1.2.2022;1989;G-HSH-PbK-22949
1;1600801;2.2.2022;4389;G-HSH-PbK-23097
1;1600801;2.2.2022;5499;G-HSH-PbK-23119
1;1600801;3.2.2022;62998;G-HSH-PbK-23143
1;1600801;4.2.2022;999;G-HSH-PbK-23390
1;1600801;8.2.2022;7299;G-HSH-PbK-23391
1;1600801;9.2.2022;7299;G-HSH-PbK-23406
1;1600801;5.2.2022;2159;G-HSH-PbK-23444
1;1600801;5.2.2022;6669;G-HSH-PbK-23458
1;1600801;5.2.2022;16999;G-HSH-PbK-23468
1;1600801;16.2.2022;750;G-HSH-PbK-23487
1;1600801;8.2.2022;38196;G-HSH-PbK-23696
1;1600801;9.2.2022;10599;G-HSH-PbK-23698
1;1600801;11.2.2022;254396;G-HSH-PbK-23721
1;1600801;19.2.2022;65998;G-HSH-PbK-23769
1;1600801;10.2.2022;3299;G-HSH-PbK-23912
1;1600801;11.2.2022;27999;G-HSH-PbK-24045
1;1600801;10.2.2022;5499;G-HSH-PbK-24056
1;1600801;17.2.2022;17769;G-HSH-PbK-24477
1;1600801;15.2.2022;1999;G-HSH-PbK-24573
1;1600801;21.2.2022;7999;G-HSH-PbK-24900
1;1600801;21.2.2022;11499;G-HSH-PbK-24951
1;1600801;24.2.2022;16999;G-HSH-PbK-25019
1;1600801;26.2.2022;1899;G-HSH-PbK-25153
1;1600801;23.2.2022;3499;G-HSH-PbK-25164
1;1600801;23.2.2022;13038;G-HSH-PbK-25303
1;1600801;23.2.2022;5896;G-HSH-PbK-25313
1;1600801;25.2.2022;9499;G-HSH-PbK-25348
1;1600844;10.2.2022;9499;G-HSH-PbK-21022
1;1600844;1.2.2022;54995;G-HSH-PbK-21553
1;1600844;9.2.2022;961160;G-HSH-PbK-22145
1;1600844;4.2.2022;15095;G-HSH-PbK-22168
1;1600844;1.2.2022;16784;G-HSH-PbK-22213
1;1600844;1.2.2022;25980;G-HSH-PbK-22280
1;1600844;2.2.2022;141998;G-HSH-PbK-22367
1;1600844;2.2.2022;64999;G-HSH-PbK-22618
1;1600844;1.2.2022;22497;G-HSH-PbK-22750
1;1600844;7.2.2022;84036;G-HSH-PbK-22774
1;1600844;1.2.2022;25999;G-HSH-PbK-22812
1;1600844;2.2.2022;5598;G-HSH-PbK-22815
1;1600844;1.2.2022;18499;G-HSH-PbK-22832
1;1600844;3.2.2022;50960;G-HSH-PbK-22861
1;1600844;4.2.2022;5299;G-HSH-PbK-22998
1;1600844;2.2.2022;21999;G-HSH-PbK-23009
1;1600844;3.2.2022;5599;G-HSH-PbK-23015
1;1600844;3.2.2022;11999;G-HSH-PbK-23050
1;1600844;9.2.2022;12495;G-HSH-PbK-23099
1;1600844;4.2.2022;68439;G-HSH-PbK-23101
1;1600844;3.2.2022;159999;G-HSH-PbK-23117
1;1600844;8.2.2022;25488;G-HSH-PbK-23180
1;1600844;7.2.2022;62999;G-HSH-PbK-23237
1;1600844;7.2.2022;12999;G-HSH-PbK-23290
1;1600844;9.2.2022;11999;G-HSH-PbK-23317
1;1600844;4.2.2022;8399;G-HSH-PbK-23359
1;1600844;7.2.2022;45999;G-HSH-PbK-23376
1;1600844;8.2.2022;4598;G-HSH-PbK-23388
1;1600844;7.2.2022;3999;G-HSH-PbK-23416
1;1600844;11.2.2022;215997;G-HSH-PbK-23509
1;1600844;9.2.2022;18379;G-HSH-PbK-23547
1;1600844;18.2.2022;44894;G-HSH-PbK-23690
1;1600844;9.2.2022;8599;G-HSH-PbK-23743
1;1600844;17.2.2022;528694;G-HSH-PbK-23776
1;1600844;9.2.2022;5499;G-HSH-PbK-23835
1;1600844;9.2.2022;3499;G-HSH-PbK-23845
1;1600844;9.2.2022;43999;G-HSH-PbK-23850
1;1600844;9.2.2022;220999;G-HSH-PbK-23868
1;1600844;11.2.2022;11999;G-HSH-PbK-23879
1;1600844;10.2.2022;5398;G-HSH-PbK-23881
1;1600844;10.2.2022;160549;G-HSH-PbK-23940
1;1600844;10.2.2022;5299;G-HSH-PbK-23958
1;1600844;10.2.2022;13999;G-HSH-PbK-23965
1;1600844;10.2.2022;50999;G-HSH-PbK-24011
1;1600844;11.2.2022;23999;G-HSH-PbK-24037
1;1600844;10.2.2022;60037;G-HSH-PbK-24038
1;1600844;14.2.2022;139980;G-HSH-PbK-24051
1;1600844;12.2.2022;51998;G-HSH-PbK-24055
1;1600844;14.2.2022;119999;G-HSH-PbK-24163
1;1600844;17.2.2022;11998;G-HSH-PbK-24172
1;1600844;14.2.2022;34893;G-HSH-PbK-24225
1;1600844;12.2.2022;5999;G-HSH-PbK-24263
1;1600844;17.2.2022;23598;G-HSH-PbK-24286
1;1600844;22.2.2022;969;G-HSH-PbK-24386
1;1600844;21.2.2022;23998;G-HSH-PbK-24412
1;1600844;24.2.2022;16992;G-HSH-PbK-24428
1;1600844;22.2.2022;55495;G-HSH-PbK-24461
1;1600844;22.2.2022;72995;G-HSH-PbK-24462
1;1600844;18.2.2022;16999;G-HSH-PbK-24576
1;1600844;23.2.2022;25392;G-HSH-PbK-24783
1;1600844;17.2.2022;11499;G-HSH-PbK-24798
1;1600844;24.2.2022;16898;G-HSH-PbK-25020
1;1600844;22.2.2022;65999;G-HSH-PbK-25031
1;1600844;23.2.2022;35999;G-HSH-PbK-25074
1;1600844;23.2.2022;85499;G-HSH-PbK-25180
1;1600844;23.2.2022;170998;G-HSH-PbK-25181
1;1600844;23.2.2022;14797;G-HSH-PbK-25217
1;1600844;23.2.2022;2299;G-HSH-PbK-25260
1;1600844;23.2.2022;18298;G-HSH-PbK-25269
1;1600844;24.2.2022;17897;G-HSH-PbK-25288
1;1600844;23.2.2022;1677;G-HSH-PbK-25346
1;1600844;24.2.2022;12999;G-HSH-PbK-25351
1;1600844;25.2.2022;58999;G-HSH-PbK-25364
1;1600844;25.2.2022;7996;G-HSH-PbK-25381
1;1600844;24.2.2022;2599;G-HSH-PbK-25417
1;1600844;24.2.2022;215999;G-HSH-PbK-25507
1;1600844;24.2.2022;117999;G-HSH-PbK-25590
1;1600844;25.2.2022;14499;G-HSH-PbK-25689
1;1601067;1.2.2022;18899;G-HSH-PbK-21404
1;1601067;7.2.2022;3798;G-HSH-PbK-22390
1;1601067;4.2.2022;28218;G-HSH-PbK-22531
1;1601067;15.2.2022;7439;G-HSH-PbK-22555
1;1601067;3.2.2022;67989;G-HSH-PbK-22579
1;1601067;9.2.2022;3189;G-HSH-PbK-22647
1;1601067;1.2.2022;49278;G-HSH-PbK-22650
1;1601067;3.2.2022;2389;G-HSH-PbK-22720
1;1601067;2.2.2022;11299;G-HSH-PbK-22739
1;1601067;7.2.2022;42999;G-HSH-PbK-22808
1;1601067;8.2.2022;71999;G-HSH-PbK-22816
1;1601067;4.2.2022;11999;G-HSH-PbK-22828
1;1601067;1.2.2022;71109;G-HSH-PbK-22835
1;1601067;1.2.2022;8789;G-HSH-PbK-22859
1;1601067;8.2.2022;22999;G-HSH-PbK-22869
1;1601067;7.2.2022;8698;G-HSH-PbK-22994
1;1601067;2.2.2022;99999;G-HSH-PbK-23011
1;1601067;2.2.2022;5999;G-HSH-PbK-23035
1;1601067;2.2.2022;5999;G-HSH-PbK-23045
1;1601067;2.2.2022;10497;G-HSH-PbK-23057
1;1601067;2.2.2022;389;G-HSH-PbK-23068
1;1601067;2.2.2022;20999;G-HSH-PbK-23072
1;1601067;8.2.2022;2499;G-HSH-PbK-23145
1;1601067;18.2.2022;2499;G-HSH-PbK-23146
1;1601067;3.2.2022;199;G-HSH-PbK-23153
1;1601067;4.2.2022;11499;G-HSH-PbK-23214
1;1601067;8.2.2022;4199;G-HSH-PbK-23242
1;1601067;18.2.2022;1098;G-HSH-PbK-23294
1;1601067;4.2.2022;6299;G-HSH-PbK-23306
1;1601067;4.2.2022;35999;G-HSH-PbK-23332
1;1601067;7.2.2022;2199;G-HSH-PbK-23334
1;1601067;8.2.2022;2199;G-HSH-PbK-23375
1;1601067;4.2.2022;999;G-HSH-PbK-23380
1;1601067;8.2.2022;71088;G-HSH-PbK-23635
1;1601067;10.2.2022;1589;G-HSH-PbK-23637
1;1601067;8.2.2022;15999;G-HSH-PbK-23668
1;1601067;8.2.2022;5999;G-HSH-PbK-23675
1;1601067;8.2.2022;57599;G-HSH-PbK-23679
1;1601067;8.2.2022;17999;G-HSH-PbK-23682
1;1601067;8.2.2022;64999;G-HSH-PbK-23714
1;1601067;11.2.2022;19999;G-HSH-PbK-23715
1;1601067;10.2.2022;3999;G-HSH-PbK-23717
1;1601067;9.2.2022;1799;G-HSH-PbK-23821
1;1601067;9.2.2022;2199;G-HSH-PbK-23839
1;1601067;9.2.2022;3199;G-HSH-PbK-23851
1;1601067;14.2.2022;6197;G-HSH-PbK-23922
1;1601067;10.2.2022;3996;G-HSH-PbK-24122
1;1601067;11.2.2022;4999;G-HSH-PbK-24124
1;1601067;10.2.2022;999;G-HSH-PbK-24144
1;1601067;17.2.2022;25999;G-HSH-PbK-24247
1;1601067;12.2.2022;2999;G-HSH-PbK-24330
1;1601067;22.2.2022;8599;G-HSH-PbK-24353
1;1601067;17.2.2022;10188;G-HSH-PbK-24367
1;1601067;14.2.2022;2499;G-HSH-PbK-24370
1;1601067;14.2.2022;11199;G-HSH-PbK-24432
1;1601067;22.2.2022;19990;G-HSH-PbK-24532
1;1601067;16.2.2022;1499;G-HSH-PbK-24629
1;1601067;16.2.2022;2199;G-HSH-PbK-24633
1;1601067;16.2.2022;4549;G-HSH-PbK-24643
1;1601067;24.2.2022;44394;G-HSH-PbK-24729
1;1601067;18.2.2022;12999;G-HSH-PbK-24855
1;1601067;21.2.2022;46999;G-HSH-PbK-25136
1;1601067;23.2.2022;2069;G-HSH-PbK-25420
1;1601067;25.2.2022;20999;G-HSH-PbK-25463
1;1601067;25.2.2022;2999;G-HSH-PbK-25467
1;1601067;24.2.2022;2999;G-HSH-PbK-25469
1;1601067;25.2.2022;10999;G-HSH-PbK-25709
1;1601357;3.2.2022;1319;G-HSH-PbK-22192
1;1601357;1.2.2022;38699;G-HSH-PbK-22525
1;1601357;4.2.2022;3498;G-HSH-PbK-22603
1;1601357;3.2.2022;89999;G-HSH-PbK-22613
1;1601357;5.2.2022;38999;G-HSH-PbK-22642
1;1601357;3.2.2022;22829;G-HSH-PbK-22660
1;1601357;3.2.2022;8095;G-HSH-PbK-22695
1;1601357;1.2.2022;49999;G-HSH-PbK-22707
1;1601357;1.2.2022;999;G-HSH-PbK-22724
1;1601357;2.2.2022;35559;G-HSH-PbK-22845
1;1601357;3.2.2022;2398;G-HSH-PbK-22847
1;1601357;1.2.2022;28999;G-HSH-PbK-22900
1;1601357;7.2.2022;5999;G-HSH-PbK-22978
1;1601357;2.2.2022;2599;G-HSH-PbK-23066
1;1601357;12.2.2022;5198;G-HSH-PbK-23152
1;1601357;4.2.2022;8399;G-HSH-PbK-23196
1;1601357;16.2.2022;1899;G-HSH-PbK-23213
1;1601357;4.2.2022;179999;G-HSH-PbK-23265
1;1601357;4.2.2022;29999;G-HSH-PbK-23325
1;1601357;4.2.2022;9359;G-HSH-PbK-23425
1;1601357;8.2.2022;9799;G-HSH-PbK-23797
1;1601357;14.2.2022;8499;G-HSH-PbK-23800
1;1601357;10.2.2022;25559;G-HSH-PbK-24084
1;1601357;11.2.2022;38999;G-HSH-PbK-24085
1;1601357;23.2.2022;37495;G-HSH-PbK-24132
1;1601357;14.2.2022;5499;G-HSH-PbK-24331
1;1601357;12.2.2022;33999;G-HSH-PbK-24361
1;1601357;16.2.2022;17999;G-HSH-PbK-24639
1;1601357;21.2.2022;7894;G-HSH-PbK-24710
1;1601357;25.2.2022;76483;G-HSH-PbK-24767
1;1601357;17.2.2022;26999;G-HSH-PbK-24816
1;1601357;24.2.2022;19999;G-HSH-PbK-25302
1;1601357;24.2.2022;84999;G-HSH-PbK-25455
1;1601357;25.2.2022;399;G-HSH-PbK-25765
1;1601357;26.2.2022;19499;G-HSH-PbK-25777
1;1601357;26.2.2022;5899;G-HSH-PbK-25795
1;1601357;26.2.2022;34669;G-HSH-PbK-25803
1;1601678;21.2.2022;125099;G-HSH-PbK-24237
1;1601678;17.2.2022;100445;G-HSH-PbK-24500
1;1601678;17.2.2022;12999;G-HSH-PbK-24724
1;1601678;23.2.2022;781996;G-HSH-PbK-24797
1;1601678;22.2.2022;14999;G-HSH-PbK-25254
1;1601679;1.2.2022;31740;G-HSH-PbK-22628
1;1601679;9.2.2022;350;G-HSH-PbK-22630
1;1601679;9.2.2022;75399;G-HSH-PbK-23787
1;1601680;1.2.2022;17998;G-HSH-PbK-21875
1;1601680;1.2.2022;35588;G-HSH-PbK-22160
1;1601680;8.2.2022;377926;G-HSH-PbK-22489
1;1601680;4.2.2022;4499;G-HSH-PbK-22678
1;1601680;1.2.2022;13399;G-HSH-PbK-22714
1;1601680;1.2.2022;7699;G-HSH-PbK-22744
1;1601680;8.2.2022;10137;G-HSH-PbK-22833
1;1601680;2.2.2022;15999;G-HSH-PbK-22873
1;1601680;3.2.2022;95438;G-HSH-PbK-23027
1;1601680;7.2.2022;13400;G-HSH-PbK-23061
1;1601680;4.2.2022;49999;G-HSH-PbK-23252
1;1601680;4.2.2022;42999;G-HSH-PbK-23329
1;1601680;10.2.2022;20999;G-HSH-PbK-23398
1;1601680;10.2.2022;53598;G-HSH-PbK-23402
1;1601680;10.2.2022;17999;G-HSH-PbK-23557
1;1601680;7.2.2022;4198;G-HSH-PbK-23615
1;1601680;11.2.2022;34495;G-HSH-PbK-23763
1;1601680;9.2.2022;4499;G-HSH-PbK-23818
1;1601680;9.2.2022;3999;G-HSH-PbK-23819
1;1601680;15.2.2022;5997;G-HSH-PbK-23889
1;1601680;11.2.2022;2999;G-HSH-PbK-23966
1;1601680;10.2.2022;2999;G-HSH-PbK-24105
1;1601680;11.2.2022;10999;G-HSH-PbK-24142
1;1601680;21.2.2022;5499;G-HSH-PbK-24145
1;1601680;21.2.2022;8999;G-HSH-PbK-24224
1;1601680;20.2.2022;2598;G-HSH-PbK-24252
1;1601680;17.2.2022;23999;G-HSH-PbK-24273
1;1601681;8.2.2022;6538;G-HSH-PbK-22712
1;1601681;16.2.2022;22298;G-HSH-PbK-23339
1;1601683;10.2.2022;349461;G-HSH-PbK-20822
1;1601683;2.2.2022;38399;G-HSH-PbK-21263
1;1601683;4.2.2022;4799;G-HSH-PbK-21681
1;1601683;1.2.2022;8997;G-HSH-PbK-21822
1;1601683;1.2.2022;65599;G-HSH-PbK-21856
1;1601683;2.2.2022;53290;G-HSH-PbK-21874
1;1601683;4.2.2022;7998;G-HSH-PbK-22077
1;1601683;3.2.2022;25990;G-HSH-PbK-22079
1;1601683;4.2.2022;2495;G-HSH-PbK-22211
1;1601683;3.2.2022;1899;G-HSH-PbK-22221
1;1601683;1.2.2022;109999;G-HSH-PbK-22260
1;1601683;7.2.2022;81488;G-HSH-PbK-22360
1;1601683;3.2.2022;16999;G-HSH-PbK-22374
1;1601683;12.2.2022;33793;G-HSH-PbK-22431
1;1601683;8.2.2022;16999;G-HSH-PbK-22434
1;1601683;3.2.2022;74999;G-HSH-PbK-22485
1;1601683;1.2.2022;53898;G-HSH-PbK-22620
1;1601683;3.2.2022;71999;G-HSH-PbK-22641
1;1601683;18.2.2022;121377;G-HSH-PbK-22646
1;1601683;1.2.2022;64999;G-HSH-PbK-22698
1;1601683;2.2.2022;3598;G-HSH-PbK-22731
1;1601683;9.2.2022;18079;G-HSH-PbK-22740
1;1601683;2.2.2022;2149;G-HSH-PbK-22747
1;1601683;11.2.2022;12596;G-HSH-PbK-22753
1;1601683;1.2.2022;8879;G-HSH-PbK-22760
1;1601683;9.2.2022;24309;G-HSH-PbK-22762
1;1601683;2.2.2022;6499;G-HSH-PbK-22770
1;1601683;2.2.2022;130999;G-HSH-PbK-22773
1;1601683;1.2.2022;69998;G-HSH-PbK-22779
1;1601683;8.2.2022;40391;G-HSH-PbK-22821
1;1601683;1.2.2022;44997;G-HSH-PbK-22842
1;1601683;9.2.2022;46999;G-HSH-PbK-22850
1;1601683;7.2.2022;5697;G-HSH-PbK-22865
1;1601683;14.2.2022;33998;G-HSH-PbK-22898
1;1601683;3.2.2022;40798;G-HSH-PbK-22915
1;1601683;10.2.2022;25497;G-HSH-PbK-22931
1;1601683;6.2.2022;13399;G-HSH-PbK-22943
1;1601683;8.2.2022;2235;G-HSH-PbK-23008
1;1601683;8.2.2022;89999;G-HSH-PbK-23017
1;1601683;7.2.2022;4794;G-HSH-PbK-23022
1;1601683;4.2.2022;43998;G-HSH-PbK-23091
1;1601683;10.2.2022;131994;G-HSH-PbK-23095
1;1601683;10.2.2022;18997;G-HSH-PbK-23105
1;1601683;4.2.2022;12999;G-HSH-PbK-23155
1;1601683;8.2.2022;18199;G-HSH-PbK-23160
1;1601683;3.2.2022;1499;G-HSH-PbK-23165
1;1601683;7.2.2022;7495;G-HSH-PbK-23172
1;1601683;3.2.2022;80749;G-HSH-PbK-23187
1;1601683;7.2.2022;280000;G-HSH-PbK-23199
1;1601683;4.2.2022;98896;G-HSH-PbK-23200
1;1601683;4.2.2022;90998;G-HSH-PbK-23208
1;1601683;9.2.2022;1699;G-HSH-PbK-23223
1;1601683;8.2.2022;32995;G-HSH-PbK-23233
1;1601683;4.2.2022;9093;G-HSH-PbK-23248
1;1601683;5.2.2022;3897;G-HSH-PbK-23256
1;1601683;14.2.2022;294165;G-HSH-PbK-23259
1;1601683;8.2.2022;2598;G-HSH-PbK-23353
1;1601683;11.2.2022;215366;G-HSH-PbK-23372
1;1601683;7.2.2022;79999;G-HSH-PbK-23387
1;1601683;7.2.2022;2999;G-HSH-PbK-23520
1;1601683;8.2.2022;6297;G-HSH-PbK-23525
1;1601683;8.2.2022;899;G-HSH-PbK-23530
1;1601683;8.2.2022;11998;G-HSH-PbK-23533
1;1601683;8.2.2022;69999;G-HSH-PbK-23546
1;1601683;9.2.2022;19897;G-HSH-PbK-23605
1;1601683;10.2.2022;2397;G-HSH-PbK-23613
1;1601683;8.2.2022;4697;G-HSH-PbK-23643
1;1601683;11.2.2022;7999;G-HSH-PbK-23658
1;1601683;8.2.2022;12999;G-HSH-PbK-23671
1;1601683;25.2.2022;47999;G-HSH-PbK-23693
1;1601683;8.2.2022;7797;G-HSH-PbK-23708
1;1601683;8.2.2022;2499;G-HSH-PbK-23709
1;1601683;18.2.2022;21797;G-HSH-PbK-23731
1;1601683;17.2.2022;6897;G-HSH-PbK-23748
1;1601683;10.2.2022;119999;G-HSH-PbK-23766
1;1601683;9.2.2022;2099;G-HSH-PbK-23784
1;1601683;9.2.2022;160390;G-HSH-PbK-23823
1;1601683;9.2.2022;25999;G-HSH-PbK-23824
1;1601683;21.2.2022;98694;G-HSH-PbK-23846
1;1601683;9.2.2022;5299;G-HSH-PbK-23853
1;1601683;10.2.2022;31698;G-HSH-PbK-23873
1;1601683;18.2.2022;13392;G-HSH-PbK-23886
1;1601683;23.2.2022;46999;G-HSH-PbK-23944
1;1601683;23.2.2022;46999;G-HSH-PbK-23948
1;1601683;18.2.2022;9797;G-HSH-PbK-24027
1;1601683;11.2.2022;43999;G-HSH-PbK-24081
1;1601683;11.2.2022;7990;G-HSH-PbK-24109
1;1601683;11.2.2022;2757;G-HSH-PbK-24158
1;1601683;11.2.2022;2397;G-HSH-PbK-24174
1;1601683;12.2.2022;11199;G-HSH-PbK-24187
1;1601683;11.2.2022;2999;G-HSH-PbK-24202
1;1601683;17.2.2022;9899;G-HSH-PbK-24212
1;1601683;18.2.2022;255938;G-HSH-PbK-24217
1;1601683;12.2.2022;10998;G-HSH-PbK-24221
1;1601683;11.2.2022;187490;G-HSH-PbK-24241
1;1601683;14.2.2022;46999;G-HSH-PbK-24245
1;1601683;15.2.2022;51998;G-HSH-PbK-24389
1;1601683;21.2.2022;117998;G-HSH-PbK-24391
1;1601683;14.2.2022;39999;G-HSH-PbK-24417
1;1601683;14.2.2022;4499;G-HSH-PbK-24424
1;1601683;17.2.2022;8789;G-HSH-PbK-24448
1;1601683;24.2.2022;176870;G-HSH-PbK-24459
1;1601683;15.2.2022;30999;G-HSH-PbK-24474
1;1601683;23.2.2022;43844;G-HSH-PbK-24622
1;1601683;17.2.2022;7998;G-HSH-PbK-24679
1;1601683;17.2.2022;3999;G-HSH-PbK-24680
1;1601683;22.2.2022;46995;G-HSH-PbK-24712
1;1601683;17.2.2022;71997;G-HSH-PbK-24746
1;1601683;18.2.2022;5997;G-HSH-PbK-24756
1;1601683;23.2.2022;46598;G-HSH-PbK-24768
1;1601683;23.2.2022;74998;G-HSH-PbK-24780
1;1601683;19.2.2022;9999;G-HSH-PbK-24784
1;1601683;21.2.2022;17898;G-HSH-PbK-24791
1;1601683;25.2.2022;20691;G-HSH-PbK-24794
1;1601683;18.2.2022;26988;G-HSH-PbK-24821
1;1601683;21.2.2022;4099;G-HSH-PbK-24840
1;1601683;24.2.2022;126694;G-HSH-PbK-24850
1;1601683;18.2.2022;8597;G-HSH-PbK-24860
1;1601683;18.2.2022;4099;G-HSH-PbK-24870
1;1601683;20.2.2022;4099;G-HSH-PbK-24871
1;1601683;22.2.2022;5999;G-HSH-PbK-24891
1;1601683;18.2.2022;2999;G-HSH-PbK-24893
1;1601683;25.2.2022;12899;G-HSH-PbK-24908
1;1601683;19.2.2022;2099;G-HSH-PbK-24927
1;1601683;19.2.2022;1999;G-HSH-PbK-24931
1;1601683;22.2.2022;13999;G-HSH-PbK-25003
1;1601683;21.2.2022;16999;G-HSH-PbK-25060
1;1601683;22.2.2022;18999;G-HSH-PbK-25062
1;1601683;22.2.2022;11990;G-HSH-PbK-25065
1;1601683;21.2.2022;30998;G-HSH-PbK-25070
1;1601683;23.2.2022;8999;G-HSH-PbK-25091
1;1601683;25.2.2022;28762;G-HSH-PbK-25095
1;1601683;23.2.2022;315997;G-HSH-PbK-25098
1;1601683;22.2.2022;16999;G-HSH-PbK-25112
1;1601683;22.2.2022;54999;G-HSH-PbK-25120
1;1601683;22.2.2022;5999;G-HSH-PbK-25158
1;1601683;23.2.2022;105677;G-HSH-PbK-25171
1;1601683;22.2.2022;6898;G-HSH-PbK-25191
1;1601683;23.2.2022;6799;G-HSH-PbK-25206
1;1601683;23.2.2022;51998;G-HSH-PbK-25229
1;1601683;24.2.2022;15195;G-HSH-PbK-25253
1;1601683;24.2.2022;15999;G-HSH-PbK-25284
1;1601683;25.2.2022;25999;G-HSH-PbK-25320
1;1601683;25.2.2022;5899;G-HSH-PbK-25343
1;1601683;23.2.2022;109998;G-HSH-PbK-25372
1;1601683;24.2.2022;89999;G-HSH-PbK-25373
1;1601683;26.2.2022;7999;G-HSH-PbK-25387
1;1601683;23.2.2022;9499;G-HSH-PbK-25390
1;1601683;23.2.2022;3399;G-HSH-PbK-25404
1;1601683;23.2.2022;17980;G-HSH-PbK-25411
1;1601683;25.2.2022;18998;G-HSH-PbK-25445
1;1601683;25.2.2022;10999;G-HSH-PbK-25551
1;1601683;25.2.2022;64999;G-HSH-PbK-25563
1;1601683;25.2.2022;90999;G-HSH-PbK-25673
1;1601683;25.2.2022;19998;G-HSH-PbK-25686
1;1601683;26.2.2022;17998;G-HSH-PbK-25711
1;1601684;9.2.2022;137910;G-HSH-PbK-21295
1;1601684;5.2.2022;19189;G-HSH-PbK-22117
1;1601684;1.2.2022;19999;G-HSH-PbK-22309
1;1601684;1.2.2022;2897;G-HSH-PbK-22407
1;1601684;1.2.2022;48999;G-HSH-PbK-22410
1;1601684;1.2.2022;54999;G-HSH-PbK-22854
1;1601684;4.2.2022;5599;G-HSH-PbK-22989
1;1601684;4.2.2022;4999;G-HSH-PbK-23065
1;1601684;7.2.2022;135999;G-HSH-PbK-23238
1;1601684;5.2.2022;7111;G-HSH-PbK-23274
1;1601684;4.2.2022;8999;G-HSH-PbK-23299
1;1601684;7.2.2022;4299;G-HSH-PbK-23312
1;1601684;7.2.2022;11995;G-HSH-PbK-23405
1;1601684;23.2.2022;87091;G-HSH-PbK-23697
1;1601684;12.2.2022;2498;G-HSH-PbK-23710
1;1601684;14.2.2022;41998;G-HSH-PbK-23814
1;1601684;9.2.2022;1199;G-HSH-PbK-23822
1;1601684;10.2.2022;34999;G-HSH-PbK-24047
1;1601684;12.2.2022;4999;G-HSH-PbK-24166
1;1601684;14.2.2022;36447;G-HSH-PbK-24223
1;1601684;17.2.2022;2999;G-HSH-PbK-24497
1;1601684;17.2.2022;95999;G-HSH-PbK-24546
1;1601684;15.2.2022;5589;G-HSH-PbK-24549
1;1601684;17.2.2022;999;G-HSH-PbK-24677
1;1601684;26.2.2022;7786;G-HSH-PbK-25045
1;1601684;24.2.2022;30778;G-HSH-PbK-25061
1;1601684;23.2.2022;20999;G-HSH-PbK-25353
1;1601684;25.2.2022;79999;G-HSH-PbK-25441
1;1601684;24.2.2022;9999;G-HSH-PbK-25568
1;1601684;25.2.2022;1999;G-HSH-PbK-25654
1;1601685;3.2.2022;1499;G-HSH-PbK-22771
1;1601685;12.2.2022;25700;G-HSH-PbK-24348
1;1601685;14.2.2022;13335;G-HSH-PbK-24358
1;1601686;3.2.2022;125996;G-HSH-PbK-21969
1;1601686;3.2.2022;28694;G-HSH-PbK-21970
1;1601686;1.2.2022;27296;G-HSH-PbK-22132
1;1601686;2.2.2022;1999;G-HSH-PbK-22244
1;1601686;5.2.2022;28439;G-HSH-PbK-22409
1;1601686;1.2.2022;15998;G-HSH-PbK-22437
1;1601686;2.2.2022;32309;G-HSH-PbK-22492
1;1601686;1.2.2022;1839;G-HSH-PbK-22601
1;1601686;4.2.2022;15999;G-HSH-PbK-22748
1;1601686;1.2.2022;3399;G-HSH-PbK-22775
1;1601686;7.2.2022;36999;G-HSH-PbK-22780
1;1601686;1.2.2022;2599;G-HSH-PbK-22782
1;1601686;1.2.2022;24999;G-HSH-PbK-22795
1;1601686;3.2.2022;2497;G-HSH-PbK-22801
1;1601686;17.2.2022;13319;G-HSH-PbK-22802
1;1601686;1.2.2022;13999;G-HSH-PbK-22968
1;1601686;9.2.2022;8599;G-HSH-PbK-22971
1;1601686;2.2.2022;9219;G-HSH-PbK-23118
1;1601686;2.2.2022;2389;G-HSH-PbK-23127
1;1601686;3.2.2022;6299;G-HSH-PbK-23140
1;1601686;4.2.2022;3098;G-HSH-PbK-23267
1;1601686;3.2.2022;4999;G-HSH-PbK-23271
1;1601686;10.2.2022;32999;G-HSH-PbK-23409
1;1601686;10.2.2022;39999;G-HSH-PbK-23414
1;1601686;5.2.2022;30999;G-HSH-PbK-23446
1;1601686;17.2.2022;3299;G-HSH-PbK-24496
1;1601686;21.2.2022;7499;G-HSH-PbK-24519
1;1601686;16.2.2022;6499;G-HSH-PbK-24521
1;1601686;16.2.2022;29998;G-HSH-PbK-24596
1;1601686;16.2.2022;57999;G-HSH-PbK-24665
1;1601686;17.2.2022;5197;G-HSH-PbK-24668
1;1601686;17.2.2022;2999;G-HSH-PbK-24685
1;1601686;18.2.2022;5999;G-HSH-PbK-24693
1;1601686;23.2.2022;9499;G-HSH-PbK-24704
1;1601686;21.2.2022;50999;G-HSH-PbK-24736
1;1601687;1.2.2022;938;G-HSH-PbK-22891
1;1601687;9.2.2022;69999;G-HSH-PbK-23287
1;1601687;4.2.2022;2389;G-HSH-PbK-23440
1;1601687;18.2.2022;19999;G-HSH-PbK-23561
1;1601687;10.2.2022;85998;G-HSH-PbK-23584
1;1601687;7.2.2022;31999;G-HSH-PbK-23602
1;1601687;18.2.2022;14738;G-HSH-PbK-24009
1;1601687;11.2.2022;46199;G-HSH-PbK-24219
1;1601687;14.2.2022;657;G-HSH-PbK-24255
1;1601687;15.2.2022;31043;G-HSH-PbK-24593
1;1601687;21.2.2022;15374;G-HSH-PbK-24594
1;1601687;15.2.2022;25998;G-HSH-PbK-24597
1;1601687;19.2.2022;11400;G-HSH-PbK-24922
1;1601687;19.2.2022;77798;G-HSH-PbK-24977
1;1601687;24.2.2022;7999;G-HSH-PbK-25533
1;1601688;14.2.2022;51699;G-HSH-PbK-22686
1;1601688;15.2.2022;71999;G-HSH-PbK-23158
1;1601688;8.2.2022;19999;G-HSH-PbK-23678
1;1601688;8.2.2022;174590;G-HSH-PbK-23683
1;1601688;8.2.2022;15999;G-HSH-PbK-23692
1;1601688;9.2.2022;1799;G-HSH-PbK-23706
1;1601688;9.2.2022;27999;G-HSH-PbK-23724
1;1601688;8.2.2022;10999;G-HSH-PbK-23746
1;1601688;9.2.2022;2549;G-HSH-PbK-23832
1;1601688;15.2.2022;87999;G-HSH-PbK-23855
1;1601688;9.2.2022;115998;G-HSH-PbK-23900
1;1601688;14.2.2022;8999;G-HSH-PbK-23936
1;1601688;17.2.2022;405995;G-HSH-PbK-24182
1;1601688;18.2.2022;17199;G-HSH-PbK-24188
1;1601688;14.2.2022;259999;G-HSH-PbK-24216
1;1601688;14.2.2022;118989;G-HSH-PbK-24266
1;1601688;14.2.2022;33998;G-HSH-PbK-24382
1;1601688;15.2.2022;15799;G-HSH-PbK-24398
1;1601688;22.2.2022;81599;G-HSH-PbK-24401
1;1601688;23.2.2022;3498;G-HSH-PbK-24437
1;1601688;15.2.2022;1998;G-HSH-PbK-24460
1;1601688;18.2.2022;112982;G-HSH-PbK-24486
1;1601688;17.2.2022;149999;G-HSH-PbK-24560
1;1601688;18.2.2022;18999;G-HSH-PbK-24682
1;1601688;17.2.2022;1999;G-HSH-PbK-24703
1;1601688;18.2.2022;15998;G-HSH-PbK-24785
1;1601688;22.2.2022;4490;G-HSH-PbK-24822
1;1601688;19.2.2022;1699;G-HSH-PbK-24856
1;1601688;18.2.2022;8999;G-HSH-PbK-24862
1;1601688;18.2.2022;30198;G-HSH-PbK-24882
1;1601688;24.2.2022;30891;G-HSH-PbK-24907
1;1601690;7.2.2022;71998;G-HSH-PbK-22072
1;1601690;7.2.2022;44064;G-HSH-PbK-22458
1;1601690;9.2.2022;155070;G-HSH-PbK-22699
1;1601690;7.2.2022;9334;G-HSH-PbK-22704
1;1601690;1.2.2022;23998;G-HSH-PbK-22719
1;1601690;2.2.2022;36499;G-HSH-PbK-22751
1;1601690;1.2.2022;3799;G-HSH-PbK-22756
1;1601690;7.2.2022;99960;G-HSH-PbK-22886
1;1601690;2.2.2022;219999;G-HSH-PbK-23088
1;1601690;7.2.2022;3398;G-HSH-PbK-23206
1;1601690;3.2.2022;2599;G-HSH-PbK-23211
1;1601690;4.2.2022;1999;G-HSH-PbK-23319
1;1601690;9.2.2022;19799;G-HSH-PbK-23351
1;1601690;4.2.2022;6699;G-HSH-PbK-23369
1;1601690;13.2.2022;64093;G-HSH-PbK-23418
1;1601690;7.2.2022;28999;G-HSH-PbK-23556
1;1601690;9.2.2022;16999;G-HSH-PbK-23585
1;1601690;10.2.2022;23799;G-HSH-PbK-23707
1;1601690;10.2.2022;157654;G-HSH-PbK-23728
1;1601690;12.2.2022;15998;G-HSH-PbK-24113
1;1601690;17.2.2022;6995;G-HSH-PbK-24117
1;1601690;11.2.2022;1799;G-HSH-PbK-24197
1;1601690;11.2.2022;8200;G-HSH-PbK-24206
1;1601690;14.2.2022;1299;G-HSH-PbK-24435
1;1601690;22.2.2022;3998;G-HSH-PbK-24769
1;1601690;25.2.2022;33999;G-HSH-PbK-24867
1;1601690;21.2.2022;76199;G-HSH-PbK-24889
1;1601690;25.2.2022;8049;G-HSH-PbK-24912
1;1601690;25.2.2022;30999;G-HSH-PbK-25082
1;1601690;24.2.2022;8499;G-HSH-PbK-25110
1;1601690;23.2.2022;1999;G-HSH-PbK-25137
1;1601690;25.2.2022;12745;G-HSH-PbK-25170
1;1601690;23.2.2022;20999;G-HSH-PbK-25371
1;1601690;26.2.2022;215999;G-HSH-PbK-25504
1;1601690;25.2.2022;6798;G-HSH-PbK-25596
1;1601692;4.2.2022;2090;G-HSH-PbK-23371
1;1601692;8.2.2022;15200;G-HSH-PbK-23782
1;1601693;26.2.2022;9499;G-HSH-PbK-25774
1;1601696;24.2.2022;275885;G-HSH-PbK-20863
1;1601696;8.2.2022;102871;G-HSH-PbK-21093
1;1601696;1.2.2022;36786;G-HSH-PbK-21236
1;1601696;7.2.2022;10196;G-HSH-PbK-21883
1;1601696;8.2.2022;28996;G-HSH-PbK-22054
1;1601696;1.2.2022;26990;G-HSH-PbK-22200
1;1601696;3.2.2022;21999;G-HSH-PbK-22266
1;1601696;10.2.2022;12496;G-HSH-PbK-22351
1;1601696;10.2.2022;9999;G-HSH-PbK-22424
1;1601696;8.2.2022;8699;G-HSH-PbK-22442
1;1601696;2.2.2022;73900;G-HSH-PbK-22481
1;1601696;1.2.2022;51549;G-HSH-PbK-22495
1;1601696;2.2.2022;59999;G-HSH-PbK-22615
1;1601696;1.2.2022;34999;G-HSH-PbK-22616
1;1601696;3.2.2022;38295;G-HSH-PbK-22624
1;1601696;7.2.2022;12594;G-HSH-PbK-22654
1;1601696;10.2.2022;71998;G-HSH-PbK-22669
1;1601696;8.2.2022;12999;G-HSH-PbK-22689
1;1601696;1.2.2022;127999;G-HSH-PbK-22831
1;1601696;1.2.2022;2396;G-HSH-PbK-22844
1;1601696;1.2.2022;238999;G-HSH-PbK-22848
1;1601696;1.2.2022;4799;G-HSH-PbK-22860
1;1601696;3.2.2022;27990;G-HSH-PbK-22879
1;1601696;1.2.2022;18999;G-HSH-PbK-22882
1;1601696;2.2.2022;31097;G-HSH-PbK-22911
1;1601696;7.2.2022;19443;G-HSH-PbK-22917
1;1601696;1.2.2022;64018;G-HSH-PbK-22936
1;1601696;2.2.2022;15499;G-HSH-PbK-22990
1;1601696;8.2.2022;3699;G-HSH-PbK-23003
1;1601696;2.2.2022;13999;G-HSH-PbK-23016
1;1601696;11.2.2022;38970;G-HSH-PbK-23078
1;1601696;3.2.2022;62997;G-HSH-PbK-23082
1;1601696;4.2.2022;2127;G-HSH-PbK-23120
1;1601696;3.2.2022;15975;G-HSH-PbK-23189
1;1601696;5.2.2022;279998;G-HSH-PbK-23193
1;1601696;4.2.2022;12999;G-HSH-PbK-23210
1;1601696;3.2.2022;13495;G-HSH-PbK-23218
1;1601696;3.2.2022;2699;G-HSH-PbK-23221
1;1601696;4.2.2022;87999;G-HSH-PbK-23295
1;1601696;14.2.2022;145568;G-HSH-PbK-23314
1;1601696;8.2.2022;19996;G-HSH-PbK-23322
1;1601696;4.2.2022;7798;G-HSH-PbK-23373
1;1601696;7.2.2022;3198;G-HSH-PbK-23379
1;1601696;4.2.2022;3199;G-HSH-PbK-23382
1;1601696;7.2.2022;46999;G-HSH-PbK-23502
1;1601696;14.2.2022;4499;G-HSH-PbK-23616
1;1601696;9.2.2022;160390;G-HSH-PbK-23674
1;1601696;14.2.2022;38999;G-HSH-PbK-23676
1;1601696;9.2.2022;214556;G-HSH-PbK-23688
1;1601696;10.2.2022;4778;G-HSH-PbK-23694
1;1601696;8.2.2022;20599;G-HSH-PbK-23699
1;1601696;14.2.2022;161491;G-HSH-PbK-23701
1;1601696;8.2.2022;20599;G-HSH-PbK-23711
1;1601696;11.2.2022;84699;G-HSH-PbK-23733
1;1601696;17.2.2022;19697;G-HSH-PbK-23771
1;1601696;9.2.2022;59999;G-HSH-PbK-23773
1;1601696;11.2.2022;12198;G-HSH-PbK-23831
1;1601696;9.2.2022;1500;G-HSH-PbK-23841
1;1601696;11.2.2022;5999;G-HSH-PbK-23852
1;1601696;9.2.2022;339998;G-HSH-PbK-23867
1;1601696;10.2.2022;9599;G-HSH-PbK-23874
1;1601696;9.2.2022;17798;G-HSH-PbK-23896
1;1601696;9.2.2022;7598;G-HSH-PbK-23899
1;1601696;17.2.2022;19443;G-HSH-PbK-23905
1;1601696;11.2.2022;7998;G-HSH-PbK-24059
1;1601696;17.2.2022;7196;G-HSH-PbK-24088
1;1601696;10.2.2022;53999;G-HSH-PbK-24092
1;1601696;18.2.2022;57380;G-HSH-PbK-24120
1;1601696;11.2.2022;5499;G-HSH-PbK-24164
1;1601696;23.2.2022;129999;G-HSH-PbK-24168
1;1601696;14.2.2022;17198;G-HSH-PbK-24196
1;1601696;11.2.2022;7989;G-HSH-PbK-24214
1;1601696;21.2.2022;6999;G-HSH-PbK-24242
1;1601696;14.2.2022;95389;G-HSH-PbK-24377
1;1601696;14.2.2022;2699;G-HSH-PbK-24395
1;1601696;18.2.2022;65498;G-HSH-PbK-24404
1;1601696;24.2.2022;85226;G-HSH-PbK-24407
1;1601696;18.2.2022;2699;G-HSH-PbK-24456
1;1601696;17.2.2022;1998;G-HSH-PbK-24501
1;1601696;15.2.2022;10999;G-HSH-PbK-24503
1;1601696;17.2.2022;14597;G-HSH-PbK-24694
1;1601696;18.2.2022;36499;G-HSH-PbK-24731
1;1601696;17.2.2022;16947;G-HSH-PbK-24749
1;1601696;18.2.2022;24990;G-HSH-PbK-24788
1;1601696;18.2.2022;2399;G-HSH-PbK-24792
1;1601696;17.2.2022;5299;G-HSH-PbK-24793
1;1601696;22.2.2022;18999;G-HSH-PbK-24823
1;1601696;18.2.2022;8998;G-HSH-PbK-24833
1;1601696;18.2.2022;5299;G-HSH-PbK-24836
1;1601696;18.2.2022;3999;G-HSH-PbK-24846
1;1601696;18.2.2022;6799;G-HSH-PbK-24869
1;1601696;18.2.2022;6597;G-HSH-PbK-24880
1;1601696;18.2.2022;10596;G-HSH-PbK-24894
1;1601696;21.2.2022;3999;G-HSH-PbK-24926
1;1601696;19.2.2022;87999;G-HSH-PbK-24940
1;1601696;24.2.2022;19999;G-HSH-PbK-24963
1;1601696;22.2.2022;26298;G-HSH-PbK-25006
1;1601696;21.2.2022;71999;G-HSH-PbK-25026
1;1601696;22.2.2022;59990;G-HSH-PbK-25096
1;1601696;21.2.2022;27999;G-HSH-PbK-25131
1;1601696;22.2.2022;123999;G-HSH-PbK-25157
1;1601696;23.2.2022;1399;G-HSH-PbK-25161
1;1601696;22.2.2022;21999;G-HSH-PbK-25188
1;1601696;22.2.2022;33999;G-HSH-PbK-25225
1;1601696;22.2.2022;71999;G-HSH-PbK-25239
1;1601696;24.2.2022;75996;G-HSH-PbK-25347
1;1601696;23.2.2022;52845;G-HSH-PbK-25358
1;1601696;25.2.2022;4499;G-HSH-PbK-25363
1;1601696;24.2.2022;69999;G-HSH-PbK-25374
1;1601696;24.2.2022;9198;G-HSH-PbK-25418
1;1601696;26.2.2022;48859;G-HSH-PbK-25518
1;1601696;24.2.2022;4499;G-HSH-PbK-25534
1;1601696;24.2.2022;13999;G-HSH-PbK-25583
1;1601696;24.2.2022;3499;G-HSH-PbK-25614
1;1601696;26.2.2022;71999;G-HSH-PbK-25642
1;1601696;25.2.2022;2499;G-HSH-PbK-25694
1;1601697;4.2.2022;31999;G-HSH-PbK-22116
1;1601697;1.2.2022;80985;G-HSH-PbK-22253
1;1601697;3.2.2022;7735;G-HSH-PbK-22333
1;1601697;1.2.2022;55999;G-HSH-PbK-22514
1;1601697;1.2.2022;69999;G-HSH-PbK-22632
1;1601697;10.2.2022;66997;G-HSH-PbK-22652
1;1601697;2.2.2022;15899;G-HSH-PbK-22985
1;1601697;4.2.2022;27999;G-HSH-PbK-23010
1;1601697;2.2.2022;17999;G-HSH-PbK-23014
1;1601697;2.2.2022;1799;G-HSH-PbK-23021
1;1601697;8.2.2022;23097;G-HSH-PbK-23062
1;1601697;7.2.2022;179990;G-HSH-PbK-23075
1;1601697;3.2.2022;4999;G-HSH-PbK-23111
1;1601697;8.2.2022;1499;G-HSH-PbK-23116
1;1601697;4.2.2022;19999;G-HSH-PbK-23171
1;1601697;4.2.2022;26999;G-HSH-PbK-23204
1;1601697;4.2.2022;8789;G-HSH-PbK-23246
1;1601697;5.2.2022;8698;G-HSH-PbK-23297
1;1601697;14.2.2022;4899;G-HSH-PbK-23301
1;1601697;4.2.2022;2699;G-HSH-PbK-23336
1;1601697;10.2.2022;104198;G-HSH-PbK-23350
1;1601697;5.2.2022;6299;G-HSH-PbK-23356
1;1601697;5.2.2022;3596;G-HSH-PbK-23377
1;1601697;5.2.2022;1999;G-HSH-PbK-23453
1;1601697;5.2.2022;20999;G-HSH-PbK-23478
1;1601697;5.2.2022;2499;G-HSH-PbK-23479
1;1601697;10.2.2022;112900;G-HSH-PbK-23483
1;1601697;5.2.2022;22223;G-HSH-PbK-23498
1;1601697;8.2.2022;16499;G-HSH-PbK-23511
1;1601697;8.2.2022;7999;G-HSH-PbK-23577
1;1601697;15.2.2022;31990;G-HSH-PbK-23672
1;1601697;9.2.2022;7999;G-HSH-PbK-23703
1;1601697;9.2.2022;12298;G-HSH-PbK-23750
1;1601697;9.2.2022;36999;G-HSH-PbK-23752
1;1601697;14.2.2022;92381;G-HSH-PbK-23903
1;1601697;11.2.2022;5994;G-HSH-PbK-23957
1;1601697;21.2.2022;19980;G-HSH-PbK-24033
1;1601697;10.2.2022;14999;G-HSH-PbK-24063
1;1601697;17.2.2022;10998;G-HSH-PbK-24075
1;1601697;11.2.2022;2999;G-HSH-PbK-24094
1;1601697;11.2.2022;2999;G-HSH-PbK-24157
1;1601697;11.2.2022;16999;G-HSH-PbK-24190
1;1601697;21.2.2022;899;G-HSH-PbK-24218
1;1601697;14.2.2022;19998;G-HSH-PbK-24239
1;1601697;12.2.2022;8999;G-HSH-PbK-24250
1;1601697;17.2.2022;2199;G-HSH-PbK-24376
1;1601697;23.2.2022;69196;G-HSH-PbK-24381
1;1601697;17.2.2022;89999;G-HSH-PbK-24443
1;1601697;25.2.2022;139999;G-HSH-PbK-24489
1;1601697;17.2.2022;3099;G-HSH-PbK-24698
1;1601697;19.2.2022;1299;G-HSH-PbK-24700
1;1601697;18.2.2022;14999;G-HSH-PbK-24832
1;1601697;21.2.2022;11498;G-HSH-PbK-24901
1;1601697;21.2.2022;26999;G-HSH-PbK-24928
1;1601697;22.2.2022;28691;G-HSH-PbK-24934
1;1601697;22.2.2022;61998;G-HSH-PbK-25021
1;1601697;21.2.2022;46999;G-HSH-PbK-25028
1;1601697;22.2.2022;134995;G-HSH-PbK-25046
1;1601697;22.2.2022;2299;G-HSH-PbK-25087
1;1601697;22.2.2022;398;G-HSH-PbK-25099
1;1601697;25.2.2022;6299;G-HSH-PbK-25119
1;1601697;25.2.2022;21799;G-HSH-PbK-25121
1;1601697;22.2.2022;9999;G-HSH-PbK-25167
1;1601697;22.2.2022;2299;G-HSH-PbK-25200
1;1601697;22.2.2022;14999;G-HSH-PbK-25221
1;1601697;24.2.2022;16497;G-HSH-PbK-25251
1;1601697;23.2.2022;4999;G-HSH-PbK-25279
1;1601697;24.2.2022;148097;G-HSH-PbK-25315
1;1601697;23.2.2022;6999;G-HSH-PbK-25321
1;1601697;24.2.2022;2999;G-HSH-PbK-25423
1;1601697;25.2.2022;2998;G-HSH-PbK-25437
1;1601697;24.2.2022;12698;G-HSH-PbK-25528
1;1601697;24.2.2022;27999;G-HSH-PbK-25531
1;1601697;24.2.2022;10498;G-HSH-PbK-25546
1;1601697;24.2.2022;3599;G-HSH-PbK-25548
1;1601697;27.2.2022;33999;G-HSH-PbK-25718
1;1601698;4.2.2022;30498;G-HSH-PbK-20703
1;1601698;17.2.2022;799;G-HSH-PbK-23443
1;1601698;16.2.2022;48574;G-HSH-PbK-23586
1;1601698;8.2.2022;24999;G-HSH-PbK-23610
1;1601698;7.2.2022;14899;G-HSH-PbK-23614
1;1601698;7.2.2022;1799;G-HSH-PbK-23631
1;1601698;9.2.2022;379999;G-HSH-PbK-23779
1;1601698;8.2.2022;69999;G-HSH-PbK-23783
1;1601698;11.2.2022;2999;G-HSH-PbK-23785
1;1601698;8.2.2022;69999;G-HSH-PbK-23791
1;1601698;8.2.2022;10097;G-HSH-PbK-23794
1;1601698;25.2.2022;30999;G-HSH-PbK-23934
1;1601698;10.2.2022;89999;G-HSH-PbK-23960
1;1601698;17.2.2022;2999;G-HSH-PbK-24093
1;1601698;11.2.2022;3999;G-HSH-PbK-24135
1;1601698;11.2.2022;6799;G-HSH-PbK-24238
1;1601698;17.2.2022;44297;G-HSH-PbK-24282
1;1601698;11.2.2022;4799;G-HSH-PbK-24302
1;1601698;12.2.2022;1599;G-HSH-PbK-24308
1;1601698;18.2.2022;69999;G-HSH-PbK-24309
1;1601698;12.2.2022;7999;G-HSH-PbK-24333
1;1601698;14.2.2022;42999;G-HSH-PbK-24402
1;1601698;14.2.2022;5589;G-HSH-PbK-24463
1;1601698;21.2.2022;1799;G-HSH-PbK-24472
1;1601698;14.2.2022;80999;G-HSH-PbK-24482
1;1601698;23.2.2022;6298;G-HSH-PbK-24611
1;1601698;25.2.2022;16789;G-HSH-PbK-24612
1;1601698;16.2.2022;3899;G-HSH-PbK-24613
1;1601698;21.2.2022;64999;G-HSH-PbK-24621
1;1601698;16.2.2022;9989;G-HSH-PbK-24650
1;1601698;16.2.2022;28999;G-HSH-PbK-24657
1;1601698;18.2.2022;96999;G-HSH-PbK-24730
1;1601698;17.2.2022;9999;G-HSH-PbK-24735
1;1601698;18.2.2022;16999;G-HSH-PbK-24748
1;1601698;18.2.2022;89999;G-HSH-PbK-24853
1;1601698;18.2.2022;22219;G-HSH-PbK-24859
1;1601698;18.2.2022;5799;G-HSH-PbK-24910
1;1601698;22.2.2022;54397;G-HSH-PbK-25125
1;1601698;21.2.2022;1699;G-HSH-PbK-25151
1;1601698;22.2.2022;43109;G-HSH-PbK-25155
1;1601698;23.2.2022;17999;G-HSH-PbK-25291
1;1601698;24.2.2022;12299;G-HSH-PbK-25298
1;1601698;22.2.2022;4999;G-HSH-PbK-25300
1;1601698;23.2.2022;2299;G-HSH-PbK-25301
1;1601698;23.2.2022;109999;G-HSH-PbK-25425
1;1601698;24.2.2022;20999;G-HSH-PbK-25426
1;1601698;23.2.2022;3098;G-HSH-PbK-25481
1;1601698;25.2.2022;71999;G-HSH-PbK-25483
1;1601698;25.2.2022;1199;G-HSH-PbK-25729
1;1601698;27.2.2022;41998;G-HSH-PbK-25756
1;1601698;25.2.2022;2399;G-HSH-PbK-25766
1;1601699;8.2.2022;22999;G-HSH-PbK-22099
1;1601699;1.2.2022;49999;G-HSH-PbK-22106
1;1601699;1.2.2022;999;G-HSH-PbK-22388
1;1601699;21.2.2022;10999;G-HSH-PbK-25083
1;1601699;21.2.2022;5999;G-HSH-PbK-25084
1;1601699;24.2.2022;25598;G-HSH-PbK-25130
1;1601699;21.2.2022;12999;G-HSH-PbK-25138
1;1601699;21.2.2022;89999;G-HSH-PbK-25146
1;1601699;22.2.2022;9999;G-HSH-PbK-25149
1;1601699;22.2.2022;16999;G-HSH-PbK-25238
1;1601699;23.2.2022;1079;G-HSH-PbK-25276
1;1601699;22.2.2022;19999;G-HSH-PbK-25287
1;1601699;23.2.2022;11999;G-HSH-PbK-25290
1;1601699;23.2.2022;2499;G-HSH-PbK-25466
1;1601699;24.2.2022;40998;G-HSH-PbK-25478
1;1601699;25.2.2022;1399;G-HSH-PbK-25602
1;1601699;24.2.2022;3699;G-HSH-PbK-25603
1;1601699;24.2.2022;18999;G-HSH-PbK-25615
1;1601699;24.2.2022;899;G-HSH-PbK-25631
1;1601699;26.2.2022;16999;G-HSH-PbK-25664
1;1601699;25.2.2022;4999;G-HSH-PbK-25703
1;1601699;25.2.2022;3139;G-HSH-PbK-25761
1;1601699;25.2.2022;28039;G-HSH-PbK-25769
1;1601699;25.2.2022;1199;G-HSH-PbK-25783
1;1601699;26.2.2022;2199;G-HSH-PbK-25784
1;1601701;21.2.2022;34094;G-HSH-PbK-22210
1;1601701;1.2.2022;33999;G-HSH-PbK-22471
1;1601701;3.2.2022;5099;G-HSH-PbK-22659
1;1601701;1.2.2022;4298;G-HSH-PbK-22776
1;1601701;1.2.2022;24999;G-HSH-PbK-22778
1;1601701;1.2.2022;28098;G-HSH-PbK-22907
1;1601701;4.2.2022;4999;G-HSH-PbK-22921
1;1601701;4.2.2022;34999;G-HSH-PbK-22937
1;1601701;11.2.2022;39898;G-HSH-PbK-22950
1;1601701;11.2.2022;17394;G-HSH-PbK-23130
1;1601701;7.2.2022;1299;G-HSH-PbK-23134
1;1601701;8.2.2022;7497;G-HSH-PbK-23363
1;1601701;15.2.2022;22998;G-HSH-PbK-24564
1;1601701;18.2.2022;210999;G-HSH-PbK-24662
1;1601701;18.2.2022;27999;G-HSH-PbK-24918
1;1601701;24.2.2022;14499;G-HSH-PbK-25340
1;1601701;23.2.2022;5198;G-HSH-PbK-25383
1;1601701;24.2.2022;72499;G-HSH-PbK-25606
1;1601703;4.2.2022;39659;G-HSH-PbK-22599
1;1601703;2.2.2022;31219;G-HSH-PbK-22600
1;1601703;3.2.2022;7989;G-HSH-PbK-22693
1;1601703;3.2.2022;49109;G-HSH-PbK-22738
1;1601703;1.2.2022;4499;G-HSH-PbK-22856
1;1601703;2.2.2022;27396;G-HSH-PbK-23007
1;1601703;8.2.2022;34878;G-HSH-PbK-23052
1;1601703;11.2.2022;2596;G-HSH-PbK-23144
1;1601703;8.2.2022;1995;G-HSH-PbK-23167
1;1601703;5.2.2022;2599;G-HSH-PbK-23169
1;1601703;14.2.2022;3999;G-HSH-PbK-23170
1;1601703;14.2.2022;5499;G-HSH-PbK-23251
1;1601703;4.2.2022;7299;G-HSH-PbK-23352
1;1601703;8.2.2022;4028;G-HSH-PbK-23627
1;1601703;10.2.2022;53999;G-HSH-PbK-23749
1;1601703;9.2.2022;2709;G-HSH-PbK-23792
1;1601703;15.2.2022;1599;G-HSH-PbK-23975
1;1601703;9.2.2022;2199;G-HSH-PbK-23976
1;1601703;9.2.2022;3199;G-HSH-PbK-23983
1;1601703;14.2.2022;1299;G-HSH-PbK-24248
1;1601703;18.2.2022;1999;G-HSH-PbK-24251
1;1601703;12.2.2022;1599;G-HSH-PbK-24356
1;1601703;16.2.2022;32900;G-HSH-PbK-24644
1;1601703;17.2.2022;6999;G-HSH-PbK-24687
1;1601703;24.2.2022;164714;G-HSH-PbK-25451
1;1601703;23.2.2022;3197;G-HSH-PbK-25482
1;1601703;26.2.2022;2499;G-HSH-PbK-25781
1;1601704;2.2.2022;3999;G-HSH-PbK-20895
1;1601704;1.2.2022;54999;G-HSH-PbK-22093
1;1601704;8.2.2022;33859;G-HSH-PbK-22566
1;1601704;1.2.2022;23419;G-HSH-PbK-22580
1;1601704;3.2.2022;3999;G-HSH-PbK-22606
1;1601704;1.2.2022;29639;G-HSH-PbK-22691
1;1601704;1.2.2022;41997;G-HSH-PbK-22713
1;1601704;1.2.2022;41997;G-HSH-PbK-22715
1;1601704;1.2.2022;47792;G-HSH-PbK-22758
1;1601704;11.2.2022;11997;G-HSH-PbK-22767
1;1601704;1.2.2022;9499;G-HSH-PbK-22777
1;1601704;3.2.2022;54999;G-HSH-PbK-22790
1;1601704;1.2.2022;3671;G-HSH-PbK-22800
1;1601704;3.2.2022;209999;G-HSH-PbK-22843
1;1601704;1.2.2022;27389;G-HSH-PbK-22864
1;1601704;1.2.2022;209999;G-HSH-PbK-22901
1;1601704;4.2.2022;47258;G-HSH-PbK-22962
1;1601704;4.2.2022;2303;G-HSH-PbK-23133
1;1601704;4.2.2022;16499;G-HSH-PbK-23148
1;1601704;3.2.2022;4999;G-HSH-PbK-23150
1;1601704;21.2.2022;7999;G-HSH-PbK-23198
1;1601704;7.2.2022;33489;G-HSH-PbK-23220
1;1601704;8.2.2022;49999;G-HSH-PbK-23243
1;1601704;4.2.2022;6219;G-HSH-PbK-23272
1;1601704;4.2.2022;22115;G-HSH-PbK-23279
1;1601704;12.2.2022;7398;G-HSH-PbK-23300
1;1601704;4.2.2022;89999;G-HSH-PbK-23349
1;1601704;9.2.2022;20999;G-HSH-PbK-23364
1;1601704;4.2.2022;39999;G-HSH-PbK-23431
1;1601704;4.2.2022;21999;G-HSH-PbK-23432
1;1601704;4.2.2022;1699;G-HSH-PbK-23433
1;1601704;5.2.2022;5999;G-HSH-PbK-23437
1;1601704;9.2.2022;9096;G-HSH-PbK-23438
1;1601704;7.2.2022;7109;G-HSH-PbK-23494
1;1601704;9.2.2022;23999;G-HSH-PbK-23629
1;1601704;11.2.2022;1999;G-HSH-PbK-23641
1;1601704;10.2.2022;3998;G-HSH-PbK-23642
1;1601704;9.2.2022;2389;G-HSH-PbK-23736
1;1601704;8.2.2022;1899;G-HSH-PbK-23737
1;1601704;8.2.2022;2599;G-HSH-PbK-23806
1;1601704;9.2.2022;4429;G-HSH-PbK-23953
1;1601704;10.2.2022;1787;G-HSH-PbK-23981
1;1601704;11.2.2022;3599;G-HSH-PbK-23987
1;1601704;18.2.2022;16999;G-HSH-PbK-23991
1;1601704;10.2.2022;2305;G-HSH-PbK-23992
1;1601704;11.2.2022;2999;G-HSH-PbK-24097
1;1601704;11.2.2022;2943;G-HSH-PbK-24129
1;1601704;11.2.2022;949;G-HSH-PbK-24130
1;1601704;15.2.2022;5499;G-HSH-PbK-24148
1;1601704;15.2.2022;1599;G-HSH-PbK-24149
1;1601704;18.2.2022;89999;G-HSH-PbK-24271
1;1601704;11.2.2022;24999;G-HSH-PbK-24296
1;1601704;11.2.2022;29998;G-HSH-PbK-24305
1;1601704;27.2.2022;2499;G-HSH-PbK-24324
1;1601704;12.2.2022;5999;G-HSH-PbK-24341
1;1601704;12.2.2022;399;G-HSH-PbK-24342
1;1601704;14.2.2022;2999;G-HSH-PbK-24357
1;1601704;21.2.2022;37639;G-HSH-PbK-24360
1;1601704;18.2.2022;40199;G-HSH-PbK-24371
1;1601704;14.2.2022;14378;G-HSH-PbK-24410
1;1601704;14.2.2022;14999;G-HSH-PbK-24468
1;1601704;17.2.2022;6389;G-HSH-PbK-24491
1;1601704;15.2.2022;15989;G-HSH-PbK-24538
1;1601704;24.2.2022;1759;G-HSH-PbK-24565
1;1601704;15.2.2022;31597;G-HSH-PbK-24571
1;1601704;15.2.2022;1999;G-HSH-PbK-24599
1;1601704;16.2.2022;1029;G-HSH-PbK-24636
1;1601704;17.2.2022;1799;G-HSH-PbK-24638
1;1601704;17.2.2022;2426;G-HSH-PbK-24673
1;1601704;17.2.2022;1752;G-HSH-PbK-24675
1;1601704;24.2.2022;14381;G-HSH-PbK-24676
1;1601704;17.2.2022;11199;G-HSH-PbK-24701
1;1601704;18.2.2022;41842;G-HSH-PbK-24718
1;1601704;21.2.2022;1999;G-HSH-PbK-24727
1;1601704;18.2.2022;7299;G-HSH-PbK-24830
1;1601704;25.2.2022;299;G-HSH-PbK-24837
1;1601704;23.2.2022;1999;G-HSH-PbK-24841
1;1601704;22.2.2022;4999;G-HSH-PbK-25004
1;1601704;23.2.2022;18999;G-HSH-PbK-25022
1;1601704;26.2.2022;3999;G-HSH-PbK-25030
1;1601704;23.2.2022;78798;G-HSH-PbK-25048
1;1601704;21.2.2022;13997;G-HSH-PbK-25049
1;1601704;23.2.2022;15999;G-HSH-PbK-25185
1;1601704;22.2.2022;2549;G-HSH-PbK-25247
1;1601704;24.2.2022;3999;G-HSH-PbK-25249
1;1601704;23.2.2022;2697;G-HSH-PbK-25292
1;1601704;23.2.2022;46999;G-HSH-PbK-25403
1;1601704;23.2.2022;2399;G-HSH-PbK-25410
1;1601704;24.2.2022;91699;G-HSH-PbK-25488
1;1601704;25.2.2022;73984;G-HSH-PbK-25597
1;1601704;24.2.2022;12910;G-HSH-PbK-25598
1;1601704;25.2.2022;2392;G-HSH-PbK-25634
1;1601704;26.2.2022;22499;G-HSH-PbK-25771
1;1601705;2.2.2022;26798;G-HSH-PbK-21387
1;1601705;1.2.2022;16999;G-HSH-PbK-21779
1;1601705;1.2.2022;3299;G-HSH-PbK-21950
1;1601705;2.2.2022;4999;G-HSH-PbK-21951
1;1601705;2.2.2022;899;G-HSH-PbK-22111
1;1601705;2.2.2022;6299;G-HSH-PbK-22359
1;1601705;8.2.2022;60781;G-HSH-PbK-22768
1;1601705;1.2.2022;21719;G-HSH-PbK-22787
1;1601705;1.2.2022;1399;G-HSH-PbK-22799
1;1601705;1.2.2022;252474;G-HSH-PbK-22805
1;1601705;2.2.2022;22999;G-HSH-PbK-22878
1;1601705;2.2.2022;8199;G-HSH-PbK-22902
1;1601705;2.2.2022;4796;G-HSH-PbK-22940
1;1601705;1.2.2022;89999;G-HSH-PbK-22965
1;1601705;9.2.2022;8839;G-HSH-PbK-23071
1;1601705;3.2.2022;8399;G-HSH-PbK-23106
1;1601705;4.2.2022;10999;G-HSH-PbK-23270
1;1601705;4.2.2022;999;G-HSH-PbK-23397
1;1601705;8.2.2022;90199;G-HSH-PbK-23413
1;1601705;8.2.2022;9497;G-HSH-PbK-23415
1;1601705;4.2.2022;14996;G-HSH-PbK-23424
1;1601705;14.2.2022;51558;G-HSH-PbK-23460
1;1601705;5.2.2022;26999;G-HSH-PbK-23464
1;1601705;6.2.2022;4199;G-HSH-PbK-23471
1;1601705;14.2.2022;29199;G-HSH-PbK-23504
1;1601705;12.2.2022;20999;G-HSH-PbK-23505
1;1601705;7.2.2022;45999;G-HSH-PbK-23513
1;1601705;7.2.2022;7499;G-HSH-PbK-23516
1;1601705;8.2.2022;5999;G-HSH-PbK-23527
1;1601705;7.2.2022;56999;G-HSH-PbK-23531
1;1601705;11.2.2022;2999;G-HSH-PbK-23532
1;1601705;14.2.2022;5999;G-HSH-PbK-23581
1;1601705;7.2.2022;3899;G-HSH-PbK-23591
1;1601705;7.2.2022;10499;G-HSH-PbK-23592
1;1601705;8.2.2022;4999;G-HSH-PbK-23607
1;1601705;7.2.2022;8199;G-HSH-PbK-23608
1;1601705;7.2.2022;10799;G-HSH-PbK-23609
1;1601705;7.2.2022;1999;G-HSH-PbK-23617
1;1601705;8.2.2022;32999;G-HSH-PbK-23621
1;1601705;8.2.2022;49999;G-HSH-PbK-23689
1;1601705;11.2.2022;27495;G-HSH-PbK-23712
1;1601705;9.2.2022;41199;G-HSH-PbK-23740
1;1601705;9.2.2022;91199;G-HSH-PbK-23760
1;1601705;9.2.2022;6499;G-HSH-PbK-23764
1;1601705;9.2.2022;85895;G-HSH-PbK-23816
1;1601705;9.2.2022;1999;G-HSH-PbK-23838
1;1601705;9.2.2022;15999;G-HSH-PbK-23885
1;1601705;10.2.2022;56999;G-HSH-PbK-23911
1;1601705;10.2.2022;5999;G-HSH-PbK-23917
1;1601705;17.2.2022;2426;G-HSH-PbK-23931
1;1601705;9.2.2022;11199;G-HSH-PbK-23935
1;1601705;10.2.2022;229;G-HSH-PbK-23995
1;1601705;18.2.2022;9589;G-HSH-PbK-23997
1;1601705;11.2.2022;3189;G-HSH-PbK-23998
1;1601705;11.2.2022;13496;G-HSH-PbK-24001
1;1601705;13.2.2022;4549;G-HSH-PbK-24005
1;1601705;10.2.2022;15999;G-HSH-PbK-24026
1;1601705;10.2.2022;4199;G-HSH-PbK-24042
1;1601705;11.2.2022;23111;G-HSH-PbK-24184
1;1601705;17.2.2022;1999;G-HSH-PbK-24509
1;1601705;18.2.2022;4999;G-HSH-PbK-24806
1;1601705;24.2.2022;173997;G-HSH-PbK-24952
1;1601705;19.2.2022;1499;G-HSH-PbK-24976
1;1601705;21.2.2022;57274;G-HSH-PbK-24991
1;1601705;21.2.2022;3399;G-HSH-PbK-25025
1;1601705;21.2.2022;11999;G-HSH-PbK-25057
1;1601705;22.2.2022;8999;G-HSH-PbK-25064
1;1601705;22.2.2022;7199;G-HSH-PbK-25270
1;1601705;23.2.2022;3999;G-HSH-PbK-25304
1;1601705;24.2.2022;139998;G-HSH-PbK-25327
1;1601705;24.2.2022;4079;G-HSH-PbK-25503
1;1601705;24.2.2022;5309;G-HSH-PbK-25575
1;1601705;25.2.2022;11999;G-HSH-PbK-25722
1;1601710;11.2.2022;29765;G-HSH-PbK-22897
1;1601710;10.2.2022;3669;G-HSH-PbK-23943
1;1601710;22.2.2022;1299;G-HSH-PbK-24036
1;1601710;11.2.2022;47219;G-HSH-PbK-24169
1;1601710;11.2.2022;1798;G-HSH-PbK-24185
1;1601711;2.2.2022;9589;G-HSH-PbK-22358
1;1601711;2.2.2022;8789;G-HSH-PbK-22929
1;1601711;1.2.2022;7998;G-HSH-PbK-22956
1;1601711;1.2.2022;14999;G-HSH-PbK-22960
1;1601711;2.2.2022;3989;G-HSH-PbK-22975
1;1601711;3.2.2022;89999;G-HSH-PbK-23276
1;1601711;7.2.2022;3699;G-HSH-PbK-23281
1;1601711;7.2.2022;3299;G-HSH-PbK-23283
1;1601711;4.2.2022;3396;G-HSH-PbK-23399
1;1601711;5.2.2022;18399;G-HSH-PbK-23422
1;1601711;21.2.2022;15999;G-HSH-PbK-23436
1;1601711;5.2.2022;4399;G-HSH-PbK-23456
1;1601711;14.2.2022;7199;G-HSH-PbK-23466
1;1601711;9.2.2022;12999;G-HSH-PbK-23469
1;1601711;5.2.2022;4659;G-HSH-PbK-23472
1;1601711;7.2.2022;64499;G-HSH-PbK-23481
1;1601711;5.2.2022;8789;G-HSH-PbK-23482
1;1601711;7.2.2022;12332;G-HSH-PbK-23492
1;1601711;9.2.2022;23793;G-HSH-PbK-23590
1;1601711;14.2.2022;2899;G-HSH-PbK-23860
1;1601711;11.2.2022;13499;G-HSH-PbK-23875
1;1601711;9.2.2022;1599;G-HSH-PbK-23883
1;1601711;9.2.2022;2499;G-HSH-PbK-23914
1;1601711;11.2.2022;5499;G-HSH-PbK-23950
1;1601711;10.2.2022;4549;G-HSH-PbK-24065
1;1601711;14.2.2022;89999;G-HSH-PbK-24074
1;1601711;14.2.2022;1999;G-HSH-PbK-24152
1;1601711;11.2.2022;61999;G-HSH-PbK-24179
1;1601711;11.2.2022;99998;G-HSH-PbK-24191
1;1601711;11.2.2022;27999;G-HSH-PbK-24204
1;1601711;12.2.2022;20999;G-HSH-PbK-24205
1;1601711;18.2.2022;11178;G-HSH-PbK-24466
1;1601711;15.2.2022;34999;G-HSH-PbK-24507
1;1601711;14.2.2022;15999;G-HSH-PbK-24510
1;1601711;15.2.2022;139999;G-HSH-PbK-24523
1;1601711;15.2.2022;7989;G-HSH-PbK-24579
1;1601711;18.2.2022;7999;G-HSH-PbK-24601
1;1601711;18.2.2022;1999;G-HSH-PbK-24606
1;1601711;16.2.2022;30999;G-HSH-PbK-24608
1;1601711;17.2.2022;2499;G-HSH-PbK-24770
1;1601711;21.2.2022;4198;G-HSH-PbK-24771
1;1601711;19.2.2022;2896;G-HSH-PbK-24946
1;1601711;21.2.2022;15999;G-HSH-PbK-25002
1;1601711;25.2.2022;20999;G-HSH-PbK-25177
1;1601711;26.2.2022;17499;G-HSH-PbK-25216
1;1601711;23.2.2022;3345;G-HSH-PbK-25248
1;1601711;23.2.2022;20999;G-HSH-PbK-25329
1;1601711;23.2.2022;20999;G-HSH-PbK-25336
1;1601711;23.2.2022;20999;G-HSH-PbK-25345
1;1601711;23.2.2022;2999;G-HSH-PbK-25349
1;1601711;23.2.2022;9498;G-HSH-PbK-25389
1;1601711;24.2.2022;799;G-HSH-PbK-25432
1;1601711;23.2.2022;3999;G-HSH-PbK-25436
1;1601711;26.2.2022;169999;G-HSH-PbK-25787
1;1601711;26.2.2022;26599;G-HSH-PbK-25814
1;1601712;1.2.2022;51999;G-HSH-PbK-21459
1;1601712;2.2.2022;19999;G-HSH-PbK-22550
1;1601712;19.2.2022;44439;G-HSH-PbK-22553
1;1601712;1.2.2022;5598;G-HSH-PbK-22706
1;1601712;2.2.2022;3099;G-HSH-PbK-22710
1;1601712;8.2.2022;35999;G-HSH-PbK-22858
1;1601712;1.2.2022;27999;G-HSH-PbK-22979
1;1601712;11.2.2022;8636;G-HSH-PbK-22980
1;1601712;2.2.2022;17999;G-HSH-PbK-23040
1;1601712;8.2.2022;36599;G-HSH-PbK-23054
1;1601712;3.2.2022;40435;G-HSH-PbK-23178
1;1601712;4.2.2022;20448;G-HSH-PbK-23226
1;1601712;7.2.2022;6998;G-HSH-PbK-23228
1;1601712;9.2.2022;351297;G-HSH-PbK-23326
1;1601712;9.2.2022;11999;G-HSH-PbK-23761
1;1601712;8.2.2022;4499;G-HSH-PbK-23796
1;1601712;10.2.2022;65999;G-HSH-PbK-23973
1;1601712;10.2.2022;17999;G-HSH-PbK-24134
1;1601712;17.2.2022;109999;G-HSH-PbK-24139
1;1601712;12.2.2022;3999;G-HSH-PbK-24316
1;1601712;12.2.2022;15999;G-HSH-PbK-24332
1;1601712;12.2.2022;6999;G-HSH-PbK-24350
1;1601712;12.2.2022;74498;G-HSH-PbK-24570
1;1601712;17.2.2022;1999;G-HSH-PbK-24725
1;1601712;9.2.2022;2828;G-HSH-PbK-24897
1;1601714;8.2.2022;20999;G-HSH-PbK-22378
1;1601714;10.2.2022;15819;G-HSH-PbK-22556
1;1601714;3.2.2022;35189;G-HSH-PbK-22565
1;1601714;1.2.2022;1498;G-HSH-PbK-22585
1;1601714;3.2.2022;6999;G-HSH-PbK-22593
1;1601714;8.2.2022;9299;G-HSH-PbK-22649
1;1601714;1.2.2022;89999;G-HSH-PbK-22665
1;1601714;1.2.2022;89999;G-HSH-PbK-22666
1;1601714;1.2.2022;139999;G-HSH-PbK-22680
1;1601714;5.2.2022;56999;G-HSH-PbK-22895
1;1601714;1.2.2022;349999;G-HSH-PbK-22930
1;1601714;2.2.2022;47999;G-HSH-PbK-22991
1;1601714;2.2.2022;17999;G-HSH-PbK-23002
1;1601714;4.2.2022;62999;G-HSH-PbK-23069
1;1601714;7.2.2022;999;G-HSH-PbK-23166
1;1601714;3.2.2022;5999;G-HSH-PbK-23182
1;1601714;3.2.2022;2999;G-HSH-PbK-23184
1;1601714;3.2.2022;1499;G-HSH-PbK-23185
1;1601714;3.2.2022;5999;G-HSH-PbK-23217
1;1601714;8.2.2022;7189;G-HSH-PbK-23296
1;1601714;4.2.2022;20999;G-HSH-PbK-23345
1;1601714;7.2.2022;54529;G-HSH-PbK-23395
1;1601714;9.2.2022;24819;G-HSH-PbK-23500
1;1601714;8.2.2022;46879;G-HSH-PbK-23558
1;1601714;9.2.2022;41189;G-HSH-PbK-23559
1;1601714;7.2.2022;8399;G-HSH-PbK-23612
1;1601714;18.2.2022;3816;G-HSH-PbK-23633
1;1601714;7.2.2022;72999;G-HSH-PbK-23636
1;1601714;9.2.2022;45999;G-HSH-PbK-23759
1;1601714;21.2.2022;5099;G-HSH-PbK-23946
1;1601714;9.2.2022;6321;G-HSH-PbK-23970
1;1601714;9.2.2022;22699;G-HSH-PbK-23974
1;1601714;10.2.2022;70498;G-HSH-PbK-23979
1;1601714;17.2.2022;181199;G-HSH-PbK-24079
1;1601714;10.2.2022;1749;G-HSH-PbK-24087
1;1601714;11.2.2022;45999;G-HSH-PbK-24137
1;1601714;17.2.2022;83900;G-HSH-PbK-24281
1;1601714;15.2.2022;3989;G-HSH-PbK-24307
1;1601714;12.2.2022;38999;G-HSH-PbK-24319
1;1601714;11.2.2022;89999;G-HSH-PbK-24320
1;1601714;11.2.2022;89999;G-HSH-PbK-24321
1;1601714;12.2.2022;15999;G-HSH-PbK-24328
1;1601714;25.2.2022;89999;G-HSH-PbK-24408
1;1601714;17.2.2022;5892;G-HSH-PbK-24422
1;1601714;26.2.2022;4549;G-HSH-PbK-24533
1;1601714;23.2.2022;1269;G-HSH-PbK-24536
1;1601714;16.2.2022;53999;G-HSH-PbK-24568
1;1601714;15.2.2022;10149;G-HSH-PbK-24605
1;1601714;21.2.2022;1589;G-HSH-PbK-24664
1;1601714;17.2.2022;2299;G-HSH-PbK-24708
1;1601714;17.2.2022;59999;G-HSH-PbK-24719
1;1601714;17.2.2022;52999;G-HSH-PbK-24761
1;1601714;24.2.2022;6499;G-HSH-PbK-24838
1;1601714;21.2.2022;10999;G-HSH-PbK-25090
1;1601714;21.2.2022;1699;G-HSH-PbK-25114
1;1601714;21.2.2022;3199;G-HSH-PbK-25118
1;1601714;23.2.2022;21999;G-HSH-PbK-25148
1;1601714;22.2.2022;12499;G-HSH-PbK-25150
1;1601714;23.2.2022;34999;G-HSH-PbK-25263
1;1601714;22.2.2022;21999;G-HSH-PbK-25264
1;1601714;23.2.2022;18999;G-HSH-PbK-25439
1;1601714;24.2.2022;17999;G-HSH-PbK-25440
1;1601714;25.2.2022;37699;G-HSH-PbK-25584
1;1601714;24.2.2022;1799;G-HSH-PbK-25591
1;1601714;24.2.2022;3999;G-HSH-PbK-25623
1;1601714;24.2.2022;9999;G-HSH-PbK-25624
1;1601714;24.2.2022;6779;G-HSH-PbK-25625
1;1601714;25.2.2022;148396;G-HSH-PbK-25759
1;1601714;26.2.2022;1999;G-HSH-PbK-25788
1;1601715;7.2.2022;12499;G-HSH-PbK-22181
1;1601715;2.2.2022;179338;G-HSH-PbK-22330
1;1601716;9.2.2022;59999;G-HSH-PbK-19278
1;1601716;2.2.2022;34699;G-HSH-PbK-22163
1;1601716;1.2.2022;9996;G-HSH-PbK-22268
1;1601716;1.2.2022;9329;G-HSH-PbK-22473
1;1601716;13.2.2022;7599;G-HSH-PbK-22785
1;1601716;4.2.2022;34999;G-HSH-PbK-22791
1;1601716;1.2.2022;31998;G-HSH-PbK-22959
1;1601716;9.2.2022;31419;G-HSH-PbK-22977
1;1601716;2.2.2022;36999;G-HSH-PbK-23102
1;1601716;3.2.2022;4798;G-HSH-PbK-23138
1;1601716;7.2.2022;73900;G-HSH-PbK-23253
1;1601716;7.2.2022;46799;G-HSH-PbK-23260
1;1601716;5.2.2022;899;G-HSH-PbK-23262
1;1601716;4.2.2022;6998;G-HSH-PbK-23289
1;1601716;5.2.2022;29299;G-HSH-PbK-23463
1;1601716;5.2.2022;21999;G-HSH-PbK-23489
1;1601716;11.2.2022;27999;G-HSH-PbK-23501
1;1601716;7.2.2022;21179;G-HSH-PbK-23517
1;1601716;10.2.2022;51098;G-HSH-PbK-23522
1;1601716;7.2.2022;28999;G-HSH-PbK-23526
1;1601716;7.2.2022;36999;G-HSH-PbK-23573
1;1601716;7.2.2022;17999;G-HSH-PbK-23576
1;1601716;7.2.2022;10499;G-HSH-PbK-23587
1;1601716;8.2.2022;5499;G-HSH-PbK-23588
1;1601716;8.2.2022;4499;G-HSH-PbK-23589
1;1601716;7.2.2022;109876;G-HSH-PbK-23638
1;1601716;8.2.2022;52498;G-HSH-PbK-23757
1;1601716;14.2.2022;12495;G-HSH-PbK-23762
1;1601716;9.2.2022;5999;G-HSH-PbK-23768
1;1601716;9.2.2022;19989;G-HSH-PbK-23861
1;1601716;9.2.2022;5499;G-HSH-PbK-23902
1;1601716;11.2.2022;13329;G-HSH-PbK-23915
1;1601716;10.2.2022;12789;G-HSH-PbK-23916
1;1601716;10.2.2022;6389;G-HSH-PbK-23918
1;1601716;10.2.2022;65999;G-HSH-PbK-23930
1;1601716;10.2.2022;20999;G-HSH-PbK-24025
1;1601716;11.2.2022;40309;G-HSH-PbK-24029
1;1601716;14.2.2022;18998;G-HSH-PbK-24034
1;1601716;11.2.2022;25999;G-HSH-PbK-24140
1;1601716;12.2.2022;17999;G-HSH-PbK-24173
1;1601716;11.2.2022;2949;G-HSH-PbK-24180
1;1601716;11.2.2022;10999;G-HSH-PbK-24195
1;1601716;11.2.2022;16999;G-HSH-PbK-24199
1;1601716;12.2.2022;16899;G-HSH-PbK-24201
1;1601716;15.2.2022;299;G-HSH-PbK-24231
1;1601716;16.2.2022;4599;G-HSH-PbK-24505
1;1601716;14.2.2022;899;G-HSH-PbK-24520
1;1601716;23.2.2022;318;G-HSH-PbK-24661
1;1601716;23.2.2022;7999;G-HSH-PbK-24779
1;1601716;18.2.2022;29499;G-HSH-PbK-24815
1;1601716;18.2.2022;37859;G-HSH-PbK-24839
1;1601716;24.2.2022;2399;G-HSH-PbK-24956
1;1601716;22.2.2022;12498;G-HSH-PbK-24962
1;1601716;19.2.2022;2999;G-HSH-PbK-24965
1;1601716;19.2.2022;3779;G-HSH-PbK-24978
1;1601716;21.2.2022;25999;G-HSH-PbK-25059
1;1601716;21.2.2022;3099;G-HSH-PbK-25067
1;1601716;22.2.2022;51999;G-HSH-PbK-25069
1;1601716;24.2.2022;112900;G-HSH-PbK-25252
1;1601716;23.2.2022;20999;G-HSH-PbK-25323
1;1601716;24.2.2022;20999;G-HSH-PbK-25330
1;1601716;26.2.2022;20999;G-HSH-PbK-25350
1;1601716;24.2.2022;6599;G-HSH-PbK-25493
1;1601716;24.2.2022;3999;G-HSH-PbK-25537
1;1601716;25.2.2022;9999;G-HSH-PbK-25569
1;1601716;26.2.2022;20999;G-HSH-PbK-25578
1;1601716;24.2.2022;4199;G-HSH-PbK-25585
1;1601719;8.2.2022;6998;G-HSH-PbK-22402
1;1601719;9.2.2022;6999;G-HSH-PbK-23848
1;1601719;11.2.2022;10999;G-HSH-PbK-23892
1;1601720;1.2.2022;4997;G-HSH-PbK-21421
1;1601720;8.2.2022;46999;G-HSH-PbK-21453
1;1601720;1.2.2022;11994;G-HSH-PbK-21849
1;1601720;8.2.2022;34979;G-HSH-PbK-22332
1;1601720;1.2.2022;92367;G-HSH-PbK-22415
1;1601720;1.2.2022;5999;G-HSH-PbK-22916
1;1601720;3.2.2022;5098;G-HSH-PbK-22927
1;1601720;9.2.2022;19868;G-HSH-PbK-22935
1;1601720;1.2.2022;759;G-HSH-PbK-22970
1;1601720;3.2.2022;43998;G-HSH-PbK-23103
1;1601720;3.2.2022;3598;G-HSH-PbK-23244
1;1601720;4.2.2022;79999;G-HSH-PbK-23263
1;1601720;6.2.2022;999;G-HSH-PbK-23266
1;1601720;11.2.2022;24999;G-HSH-PbK-23285
1;1601720;4.2.2022;15399;G-HSH-PbK-23441
1;1601720;5.2.2022;9589;G-HSH-PbK-23465
1;1601720;5.2.2022;38999;G-HSH-PbK-23476
1;1601720;7.2.2022;10389;G-HSH-PbK-23519
1;1601720;7.2.2022;17999;G-HSH-PbK-23549
1;1601720;8.2.2022;7548;G-HSH-PbK-23594
1;1601720;10.2.2022;44999;G-HSH-PbK-23603
1;1601720;11.2.2022;2499;G-HSH-PbK-23645
1;1601720;16.2.2022;1989;G-HSH-PbK-23646
1;1601720;8.2.2022;3299;G-HSH-PbK-23648
1;1601720;24.2.2022;1159;G-HSH-PbK-23649
1;1601720;8.2.2022;1699;G-HSH-PbK-23652
1;1601720;15.2.2022;1899;G-HSH-PbK-23653
1;1601720;16.2.2022;599;G-HSH-PbK-23654
1;1601720;8.2.2022;6879;G-HSH-PbK-23655
1;1601720;11.2.2022;39999;G-HSH-PbK-23657
1;1601720;9.2.2022;3899;G-HSH-PbK-23747
1;1601720;8.2.2022;9499;G-HSH-PbK-23753
1;1601720;10.2.2022;16899;G-HSH-PbK-23758
1;1601720;8.2.2022;6999;G-HSH-PbK-23770
1;1601720;9.2.2022;2798;G-HSH-PbK-23820
1;1601720;9.2.2022;30219;G-HSH-PbK-23847
1;1601720;9.2.2022;1759;G-HSH-PbK-23895
1;1601720;21.2.2022;899;G-HSH-PbK-23898
1;1601720;10.2.2022;6499;G-HSH-PbK-23921
1;1601720;10.2.2022;14999;G-HSH-PbK-23923
1;1601720;10.2.2022;34999;G-HSH-PbK-23925
1;1601720;11.2.2022;24999;G-HSH-PbK-23926
1;1601720;10.2.2022;7499;G-HSH-PbK-24104
1;1601720;11.2.2022;8999;G-HSH-PbK-24193
1;1601720;11.2.2022;23259;G-HSH-PbK-24233
1;1601720;11.2.2022;30999;G-HSH-PbK-24253
1;1601720;11.2.2022;5999;G-HSH-PbK-24261
1;1601720;17.2.2022;43999;G-HSH-PbK-24479
1;1601720;17.2.2022;4999;G-HSH-PbK-24484
1;1601720;14.2.2022;1499;G-HSH-PbK-24485
1;1601720;15.2.2022;6449;G-HSH-PbK-24502
1;1601720;14.2.2022;6299;G-HSH-PbK-24524
1;1601720;17.2.2022;5589;G-HSH-PbK-24525
1;1601720;14.2.2022;44999;G-HSH-PbK-24526
1;1601720;21.2.2022;7499;G-HSH-PbK-24589
1;1601720;16.2.2022;56998;G-HSH-PbK-24766
1;1601720;24.2.2022;3799;G-HSH-PbK-24812
1;1601720;18.2.2022;6999;G-HSH-PbK-24919
1;1601720;23.2.2022;143997;G-HSH-PbK-24936
1;1601720;24.2.2022;113798;G-HSH-PbK-24937
1;1601720;18.2.2022;6495;G-HSH-PbK-24953
1;1601720;25.2.2022;3399;G-HSH-PbK-24954
1;1601720;20.2.2022;2199;G-HSH-PbK-24957
1;1601720;24.2.2022;1399;G-HSH-PbK-24969
1;1601720;21.2.2022;2999;G-HSH-PbK-25005
1;1601720;21.2.2022;7999;G-HSH-PbK-25017
1;1601720;26.2.2022;8439;G-HSH-PbK-25033
1;1601720;23.2.2022;5299;G-HSH-PbK-25035
1;1601720;21.2.2022;10999;G-HSH-PbK-25105
1;1601720;22.2.2022;36239;G-HSH-PbK-25174
1;1601720;23.2.2022;3499;G-HSH-PbK-25204
1;1601720;25.2.2022;13999;G-HSH-PbK-25241
1;1601720;23.2.2022;3999;G-HSH-PbK-25268
1;1601720;25.2.2022;1399;G-HSH-PbK-25306
1;1601720;22.2.2022;2599;G-HSH-PbK-25307
1;1601720;23.2.2022;20999;G-HSH-PbK-25325
1;1601720;26.2.2022;20999;G-HSH-PbK-25333
1;1601720;26.2.2022;20999;G-HSH-PbK-25337
1;1601720;24.2.2022;45999;G-HSH-PbK-25421
1;1601720;24.2.2022;10999;G-HSH-PbK-25547
1;1601720;24.2.2022;4199;G-HSH-PbK-25554
1;1601720;24.2.2022;3199;G-HSH-PbK-25555
1;1601720;24.2.2022;30697;G-HSH-PbK-25556
1;1601720;24.2.2022;899;G-HSH-PbK-25564
1;1601720;25.2.2022;9999;G-HSH-PbK-25710
1;1601722;7.2.2022;194999;G-HSH-PbK-20873
1;1601722;1.2.2022;6499;G-HSH-PbK-22038
1;1601722;2.2.2022;311591;G-HSH-PbK-22085
1;1601722;3.2.2022;20999;G-HSH-PbK-22217
1;1601722;8.2.2022;2999;G-HSH-PbK-22294
1;1601722;12.2.2022;8399;G-HSH-PbK-22315
1;1601722;1.2.2022;127095;G-HSH-PbK-22413
1;1601722;1.2.2022;207995;G-HSH-PbK-22459
1;1601722;3.2.2022;12999;G-HSH-PbK-22511
1;1601722;4.2.2022;55998;G-HSH-PbK-22636
1;1601722;1.2.2022;23997;G-HSH-PbK-22677
1;1601722;8.2.2022;6396;G-HSH-PbK-22690
1;1601722;7.2.2022;233964;G-HSH-PbK-22939
1;1601722;2.2.2022;27998;G-HSH-PbK-23006
1;1601722;7.2.2022;222998;G-HSH-PbK-23034
1;1601722;9.2.2022;57999;G-HSH-PbK-23039
1;1601722;2.2.2022;16999;G-HSH-PbK-23080
1;1601722;8.2.2022;67996;G-HSH-PbK-23096
1;1601722;10.2.2022;7698;G-HSH-PbK-23164
1;1601722;3.2.2022;76439;G-HSH-PbK-23197
1;1601722;4.2.2022;17999;G-HSH-PbK-23225
1;1601722;4.2.2022;39998;G-HSH-PbK-23227
1;1601722;4.2.2022;19999;G-HSH-PbK-23232
1;1601722;8.2.2022;3999;G-HSH-PbK-23234
1;1601722;9.2.2022;20999;G-HSH-PbK-23308
1;1601722;10.2.2022;5499;G-HSH-PbK-23318
1;1601722;4.2.2022;1999;G-HSH-PbK-23335
1;1601722;4.2.2022;6999;G-HSH-PbK-23357
1;1601722;7.2.2022;69998;G-HSH-PbK-23374
1;1601722;9.2.2022;15990;G-HSH-PbK-23378
1;1601722;10.2.2022;10999;G-HSH-PbK-23508
1;1601722;7.2.2022;17999;G-HSH-PbK-23574
1;1601722;14.2.2022;34596;G-HSH-PbK-23582
1;1601722;9.2.2022;1199;G-HSH-PbK-23600
1;1601722;7.2.2022;5499;G-HSH-PbK-23620
1;1601722;8.2.2022;5998;G-HSH-PbK-23625
1;1601722;10.2.2022;32198;G-HSH-PbK-23726
1;1601722;8.2.2022;3399;G-HSH-PbK-23735
1;1601722;9.2.2022;84989;G-HSH-PbK-23828
1;1601722;9.2.2022;5499;G-HSH-PbK-23842
1;1601722;23.2.2022;34998;G-HSH-PbK-23870
1;1601722;10.2.2022;84989;G-HSH-PbK-23954
1;1601722;14.2.2022;24998;G-HSH-PbK-24007
1;1601722;14.2.2022;3599;G-HSH-PbK-24017
1;1601722;10.2.2022;57999;G-HSH-PbK-24040
1;1601722;10.2.2022;114279;G-HSH-PbK-24058
1;1601722;11.2.2022;17779;G-HSH-PbK-24060
1;1601722;26.2.2022;57019;G-HSH-PbK-24068
1;1601722;10.2.2022;41999;G-HSH-PbK-24082
1;1601722;10.2.2022;81497;G-HSH-PbK-24106
1;1601722;11.2.2022;89999;G-HSH-PbK-24160
1;1601722;17.2.2022;18999;G-HSH-PbK-24192
1;1601722;11.2.2022;6999;G-HSH-PbK-24220
1;1601722;11.2.2022;14999;G-HSH-PbK-24244
1;1601722;21.2.2022;26077;G-HSH-PbK-24264
1;1601722;11.2.2022;3999;G-HSH-PbK-24265
1;1601722;14.2.2022;39999;G-HSH-PbK-24399
1;1601722;21.2.2022;9192;G-HSH-PbK-24440
1;1601722;17.2.2022;84989;G-HSH-PbK-24543
1;1601722;17.2.2022;5999;G-HSH-PbK-24634
1;1601722;16.2.2022;34999;G-HSH-PbK-24640
1;1601722;22.2.2022;47999;G-HSH-PbK-24656
1;1601722;17.2.2022;25999;G-HSH-PbK-24696
1;1601722;18.2.2022;2779;G-HSH-PbK-24711
1;1601722;17.2.2022;18999;G-HSH-PbK-24720
1;1601722;22.2.2022;41997;G-HSH-PbK-24721
1;1601722;17.2.2022;44999;G-HSH-PbK-24741
1;1601722;22.2.2022;19999;G-HSH-PbK-24786
1;1601722;22.2.2022;5985;G-HSH-PbK-24909
1;1601722;23.2.2022;319996;G-HSH-PbK-24932
1;1601722;24.2.2022;32799;G-HSH-PbK-25071
1;1601722;21.2.2022;29898;G-HSH-PbK-25085
1;1601722;25.2.2022;21329;G-HSH-PbK-25117
1;1601722;23.2.2022;141999;G-HSH-PbK-25123
1;1601722;23.2.2022;31998;G-HSH-PbK-25128
1;1601722;22.2.2022;2899;G-HSH-PbK-25156
1;1601722;22.2.2022;10999;G-HSH-PbK-25159
1;1601722;25.2.2022;28395;G-HSH-PbK-25169
1;1601722;25.2.2022;25898;G-HSH-PbK-25172
1;1601722;22.2.2022;5499;G-HSH-PbK-25178
1;1601722;22.2.2022;1799;G-HSH-PbK-25195
1;1601722;22.2.2022;3999;G-HSH-PbK-25278
1;1601722;26.2.2022;145992;G-HSH-PbK-25281
1;1601722;23.2.2022;19999;G-HSH-PbK-25319
1;1601722;23.2.2022;6999;G-HSH-PbK-25322
1;1601722;25.2.2022;85998;G-HSH-PbK-25338
1;1601722;23.2.2022;45999;G-HSH-PbK-25370
1;1601722;23.2.2022;15998;G-HSH-PbK-25382
1;1601722;24.2.2022;2199;G-HSH-PbK-25431
1;1601722;23.2.2022;15999;G-HSH-PbK-25443
1;1601722;24.2.2022;4199;G-HSH-PbK-25454
1;1601722;24.2.2022;19999;G-HSH-PbK-25501
1;1601722;25.2.2022;9998;G-HSH-PbK-25508
1;1601722;25.2.2022;89999;G-HSH-PbK-25560
1;1601722;24.2.2022;2899;G-HSH-PbK-25562
1;1601722;24.2.2022;16999;G-HSH-PbK-25589
1;1601722;25.2.2022;119999;G-HSH-PbK-25612
1;1601722;25.2.2022;34999;G-HSH-PbK-25617
1;1601722;25.2.2022;77999;G-HSH-PbK-25648
1;1601722;25.2.2022;1799;G-HSH-PbK-25721
1;1601722;27.2.2022;4396;G-HSH-PbK-25723
1;1601722;25.2.2022;9499;G-HSH-PbK-25739
1;1601739;14.2.2022;2799;G-HSH-PbK-24390
1;1601739;18.2.2022;37999;G-HSH-PbK-24494
1;1601739;23.2.2022;29999;G-HSH-PbK-25051
1;1601739;23.2.2022;18999;G-HSH-PbK-25356
1;1601739;24.2.2022;3999;G-HSH-PbK-25397
1;1601739;25.2.2022;6998;G-HSH-PbK-25669
1;1601781;2.2.2022;7458;G-HSH-PbK-21939
1;1601781;1.2.2022;183888;G-HSH-PbK-22103
1;1601781;1.2.2022;3323;G-HSH-PbK-22818
1;1601781;1.2.2022;6699;G-HSH-PbK-22908
1;1601781;1.2.2022;1859;G-HSH-PbK-22928
1;1601781;2.2.2022;44999;G-HSH-PbK-22981
1;1601781;3.2.2022;32999;G-HSH-PbK-22982
1;1601781;2.2.2022;24999;G-HSH-PbK-22983
1;1601781;3.2.2022;39999;G-HSH-PbK-22996
1;1601781;2.2.2022;5039;G-HSH-PbK-22997
1;1601781;2.2.2022;15999;G-HSH-PbK-23059
1;1601781;2.2.2022;2099;G-HSH-PbK-23074
1;1601781;5.2.2022;34999;G-HSH-PbK-23079
1;1601781;3.2.2022;30999;G-HSH-PbK-23147
1;1601781;3.2.2022;5999;G-HSH-PbK-23161
1;1601781;7.2.2022;69999;G-HSH-PbK-23343
1;1601781;8.2.2022;2499;G-HSH-PbK-23644
1;1601781;8.2.2022;89999;G-HSH-PbK-23650
1;1601781;11.2.2022;6372;G-HSH-PbK-23857
1;1601781;11.2.2022;1599;G-HSH-PbK-24283
1;1601781;11.2.2022;35496;G-HSH-PbK-24284
1;1601781;12.2.2022;12999;G-HSH-PbK-24294
1;1601781;24.2.2022;1659;G-HSH-PbK-24311
1;1601781;12.2.2022;999;G-HSH-PbK-24314
1;1601781;12.2.2022;7768;G-HSH-PbK-24318
1;1601781;15.2.2022;1798;G-HSH-PbK-24343
1;1601781;12.2.2022;11885;G-HSH-PbK-24344
1;1601781;12.2.2022;12380;G-HSH-PbK-24345
1;1601781;14.2.2022;159999;G-HSH-PbK-24414
1;1601781;17.2.2022;1099;G-HSH-PbK-24426
1;1601781;15.2.2022;24999;G-HSH-PbK-24531
1;1601781;16.2.2022;12999;G-HSH-PbK-24630
1;1601781;16.2.2022;8598;G-HSH-PbK-24631
1;1601781;17.2.2022;8768;G-HSH-PbK-24672
1;1601781;18.2.2022;13589;G-HSH-PbK-24674
1;1601781;17.2.2022;19999;G-HSH-PbK-24678
1;1601781;17.2.2022;4999;G-HSH-PbK-24742
1;1601781;25.2.2022;999;G-HSH-PbK-25725
1;1601797;2.2.2022;5099;G-HSH-PbK-22269
1;1601797;1.2.2022;1998;G-HSH-PbK-22301
1;1601797;1.2.2022;9589;G-HSH-PbK-22430
1;1601797;1.2.2022;636;G-HSH-PbK-22472
1;1601797;3.2.2022;33999;G-HSH-PbK-22506
1;1601797;9.2.2022;24999;G-HSH-PbK-22765
1;1601797;3.2.2022;476;G-HSH-PbK-22792
1;1601797;1.2.2022;12789;G-HSH-PbK-22798
1;1601797;1.2.2022;2999;G-HSH-PbK-22912
1;1601797;8.2.2022;2599;G-HSH-PbK-22914
1;1601797;12.2.2022;2890;G-HSH-PbK-22919
1;1601797;2.2.2022;22499;G-HSH-PbK-22957
1;1601797;1.2.2022;5499;G-HSH-PbK-22958
1;1601797;1.2.2022;13329;G-HSH-PbK-22969
1;1601797;2.2.2022;399;G-HSH-PbK-22973
1;1601797;4.2.2022;210999;G-HSH-PbK-22974
1;1601797;9.2.2022;35199;G-HSH-PbK-22976
1;1601797;8.2.2022;969;G-HSH-PbK-23121
1;1601797;7.2.2022;12999;G-HSH-PbK-23126
1;1601797;2.2.2022;2599;G-HSH-PbK-23136
1;1601797;2.2.2022;2199;G-HSH-PbK-23137
1;1601797;7.2.2022;8879;G-HSH-PbK-23269
1;1601797;8.2.2022;2199;G-HSH-PbK-23282
1;1601797;14.2.2022;5699;G-HSH-PbK-23286
1;1601797;14.2.2022;6148;G-HSH-PbK-23385
1;1601797;5.2.2022;29999;G-HSH-PbK-23419
1;1601797;11.2.2022;139999;G-HSH-PbK-23428
1;1601797;5.2.2022;53999;G-HSH-PbK-23451
1;1601797;7.2.2022;7298;G-HSH-PbK-23480
1;1601797;7.2.2022;12999;G-HSH-PbK-23485
1;1601797;6.2.2022;39999;G-HSH-PbK-23490
1;1601797;7.2.2022;1599;G-HSH-PbK-23507
1;1601797;8.2.2022;37999;G-HSH-PbK-23539
1;1601797;7.2.2022;1899;G-HSH-PbK-23552
1;1601797;7.2.2022;10203;G-HSH-PbK-23565
1;1601797;9.2.2022;32999;G-HSH-PbK-23572
1;1601797;14.2.2022;8699;G-HSH-PbK-23575
1;1601797;16.2.2022;5999;G-HSH-PbK-23651
1;1601797;8.2.2022;2599;G-HSH-PbK-23659
1;1601797;8.2.2022;13499;G-HSH-PbK-23669
1;1601797;8.2.2022;1349;G-HSH-PbK-23716
1;1601797;8.2.2022;20999;G-HSH-PbK-23718
1;1601797;8.2.2022;155999;G-HSH-PbK-23723
1;1601797;8.2.2022;36999;G-HSH-PbK-23751
1;1601797;11.2.2022;9499;G-HSH-PbK-23756
1;1601797;11.2.2022;24194;G-HSH-PbK-23807
1;1601797;9.2.2022;4999;G-HSH-PbK-23810
1;1601797;11.2.2022;29999;G-HSH-PbK-23811
1;1601797;15.2.2022;35549;G-HSH-PbK-23813
1;1601797;9.2.2022;15999;G-HSH-PbK-23815
1;1601797;9.2.2022;8999;G-HSH-PbK-23825
1;1601797;9.2.2022;1199;G-HSH-PbK-23864
1;1601797;10.2.2022;1999;G-HSH-PbK-23872
1;1601797;9.2.2022;5511;G-HSH-PbK-23909
1;1601797;10.2.2022;4298;G-HSH-PbK-23913
1;1601797;11.2.2022;10999;G-HSH-PbK-24021
1;1601797;11.2.2022;125000;G-HSH-PbK-24044
1;1601797;11.2.2022;25999;G-HSH-PbK-24052
1;1601797;11.2.2022;31996;G-HSH-PbK-24057
1;1601797;18.2.2022;2389;G-HSH-PbK-24067
1;1601797;14.2.2022;21499;G-HSH-PbK-24090
1;1601797;12.2.2022;62329;G-HSH-PbK-24155
1;1601797;14.2.2022;99999;G-HSH-PbK-24481
1;1601797;14.2.2022;15999;G-HSH-PbK-24506
1;1601797;18.2.2022;21999;G-HSH-PbK-24518
1;1601797;18.2.2022;27999;G-HSH-PbK-24527
1;1601797;15.2.2022;6378;G-HSH-PbK-24581
1;1601797;22.2.2022;14999;G-HSH-PbK-24610
1;1601797;16.2.2022;2199;G-HSH-PbK-24648
1;1601797;17.2.2022;27999;G-HSH-PbK-24669
1;1601797;17.2.2022;109999;G-HSH-PbK-24764
1;1601797;17.2.2022;4548;G-HSH-PbK-24800
1;1601797;18.2.2022;29999;G-HSH-PbK-24809
1;1601797;24.2.2022;799;G-HSH-PbK-24947
1;1601797;24.2.2022;14998;G-HSH-PbK-24949
1;1601797;19.2.2022;38999;G-HSH-PbK-24974
1;1601797;22.2.2022;78169;G-HSH-PbK-24980
1;1601797;19.2.2022;999;G-HSH-PbK-24986
1;1601797;21.2.2022;1598;G-HSH-PbK-24990
1;1601797;23.2.2022;12099;G-HSH-PbK-25008
1;1601797;21.2.2022;1899;G-HSH-PbK-25013
1;1601797;23.2.2022;13896;G-HSH-PbK-25029
1;1601797;21.2.2022;3999;G-HSH-PbK-25036
1;1601797;21.2.2022;15999;G-HSH-PbK-25042
1;1601797;22.2.2022;14999;G-HSH-PbK-25043
1;1601797;26.2.2022;49998;G-HSH-PbK-25068
1;1601797;21.2.2022;2149;G-HSH-PbK-25088
1;1601797;21.2.2022;2149;G-HSH-PbK-25089
1;1601797;23.2.2022;52199;G-HSH-PbK-25196
1;1601797;25.2.2022;37328;G-HSH-PbK-25223
1;1601797;23.2.2022;35999;G-HSH-PbK-25230
1;1601797;22.2.2022;6999;G-HSH-PbK-25236
1;1601797;24.2.2022;17499;G-HSH-PbK-25318
1;1601797;23.2.2022;20999;G-HSH-PbK-25324
1;1601797;23.2.2022;20999;G-HSH-PbK-25328
1;1601797;23.2.2022;1299;G-HSH-PbK-25368
1;1601797;23.2.2022;39999;G-HSH-PbK-25392
1;1601797;23.2.2022;18999;G-HSH-PbK-25434
1;1601797;24.2.2022;2999;G-HSH-PbK-25505
1;1601797;24.2.2022;8599;G-HSH-PbK-25522
1;1601797;24.2.2022;11808;G-HSH-PbK-25573
1;1601797;25.2.2022;16999;G-HSH-PbK-25587
1;1601797;26.2.2022;20999;G-HSH-PbK-25635
1;1601797;25.2.2022;9999;G-HSH-PbK-25640
1;1601797;26.2.2022;89998;G-HSH-PbK-25791
1;1601841;3.2.2022;1799;G-HSH-PbK-22218
1;1601841;1.2.2022;1099;G-HSH-PbK-22595
1;1601841;9.2.2022;80618;G-HSH-PbK-22598
1;1601841;1.2.2022;2499;G-HSH-PbK-22729
1;1601841;1.2.2022;1599;G-HSH-PbK-22763
1;1601841;1.2.2022;11999;G-HSH-PbK-22822
1;1601841;1.2.2022;1449;G-HSH-PbK-22829
1;1601841;1.2.2022;5999;G-HSH-PbK-22866
1;1601841;1.2.2022;32900;G-HSH-PbK-22889
1;1601841;1.2.2022;8999;G-HSH-PbK-22906
1;1601841;9.2.2022;27999;G-HSH-PbK-22918
1;1601841;2.2.2022;5779;G-HSH-PbK-23018
1;1601841;9.2.2022;11549;G-HSH-PbK-23019
1;1601841;10.2.2022;20499;G-HSH-PbK-23032
1;1601841;4.2.2022;44999;G-HSH-PbK-23038
1;1601841;6.2.2022;4599;G-HSH-PbK-23094
1;1601841;4.2.2022;5999;G-HSH-PbK-23191
1;1601841;15.2.2022;7799;G-HSH-PbK-23192
1;1601841;7.2.2022;48609;G-HSH-PbK-23212
1;1601841;3.2.2022;6669;G-HSH-PbK-23216
1;1601841;5.2.2022;5198;G-HSH-PbK-23321
1;1601841;18.2.2022;30347;G-HSH-PbK-23626
1;1601841;8.2.2022;2599;G-HSH-PbK-23640
1;1601841;8.2.2022;8999;G-HSH-PbK-23741
1;1601841;8.2.2022;3299;G-HSH-PbK-23793
1;1601841;10.2.2022;5299;G-HSH-PbK-23977
1;1601841;9.2.2022;10999;G-HSH-PbK-23978
1;1601841;18.2.2022;2469;G-HSH-PbK-24133
1;1601841;11.2.2022;4999;G-HSH-PbK-24274
1;1601841;24.2.2022;25998;G-HSH-PbK-24290
1;1601841;14.2.2022;4798;G-HSH-PbK-24304
1;1601841;17.2.2022;42999;G-HSH-PbK-24354
1;1601841;12.2.2022;1199;G-HSH-PbK-24359
1;1601841;12.2.2022;3699;G-HSH-PbK-24368
1;1601841;25.2.2022;429;G-HSH-PbK-24385
1;1601841;14.2.2022;8999;G-HSH-PbK-24442
1;1601841;16.2.2022;6999;G-HSH-PbK-24540
1;1601841;23.2.2022;12099;G-HSH-PbK-24541
1;1601841;15.2.2022;3112;G-HSH-PbK-24544
1;1601841;16.2.2022;999;G-HSH-PbK-24641
1;1601841;16.2.2022;699;G-HSH-PbK-24646
1;1601841;23.2.2022;67485;G-HSH-PbK-24752
1;1601841;23.2.2022;5999;G-HSH-PbK-25072
1;1601841;22.2.2022;1899;G-HSH-PbK-25116
1;1601841;22.2.2022;5499;G-HSH-PbK-25144
1;1601841;25.2.2022;36199;G-HSH-PbK-25145
1;1601841;25.2.2022;36439;G-HSH-PbK-25265
1;1601841;22.2.2022;3299;G-HSH-PbK-25293
1;1601841;23.2.2022;88999;G-HSH-PbK-25295
1;1601841;23.2.2022;4999;G-HSH-PbK-25296
1;1601841;25.2.2022;13999;G-HSH-PbK-25398
1;1601841;25.2.2022;67998;G-HSH-PbK-25409
1;1601841;23.2.2022;3779;G-HSH-PbK-25452
1;1601841;26.2.2022;11999;G-HSH-PbK-25810
1;1601841;26.2.2022;35999;G-HSH-PbK-25819
1;1601847;5.2.2022;2459;G-HSH-PbK-22401
1;1601847;7.2.2022;21639;G-HSH-PbK-22572
1;1601847;1.2.2022;27999;G-HSH-PbK-22588
1;1601847;1.2.2022;17999;G-HSH-PbK-22855
1;1601847;1.2.2022;13588;G-HSH-PbK-22857
1;1601847;1.2.2022;28439;G-HSH-PbK-22890
1;1601847;8.2.2022;31999;G-HSH-PbK-22894
1;1601847;7.2.2022;1999;G-HSH-PbK-23630
1;1601847;8.2.2022;599;G-HSH-PbK-23790
1;1601847;9.2.2022;3399;G-HSH-PbK-23980
1;1601847;11.2.2022;2999;G-HSH-PbK-24091
1;1601847;10.2.2022;39999;G-HSH-PbK-24108
1;1601847;10.2.2022;39999;G-HSH-PbK-24128
1;1601847;11.2.2022;28799;G-HSH-PbK-24143
1;1601847;11.2.2022;3399;G-HSH-PbK-24275
1;1601847;16.2.2022;26999;G-HSH-PbK-24291
1;1601847;18.2.2022;38999;G-HSH-PbK-24306
1;1601847;14.2.2022;6789;G-HSH-PbK-24322
1;1601847;21.2.2022;1738;G-HSH-PbK-24418
1;1601847;22.2.2022;1719;G-HSH-PbK-24419
1;1601847;15.2.2022;94999;G-HSH-PbK-24454
1;1601847;15.2.2022;19999;G-HSH-PbK-24465
1;1601847;16.2.2022;18999;G-HSH-PbK-24512
1;1601847;21.2.2022;45999;G-HSH-PbK-24547
1;1601847;15.2.2022;23999;G-HSH-PbK-24556
1;1601847;15.2.2022;3999;G-HSH-PbK-24572
1;1601847;16.2.2022;2096;G-HSH-PbK-24620
1;1601847;16.2.2022;2999;G-HSH-PbK-24635
1;1601847;24.2.2022;16999;G-HSH-PbK-24702
1;1601847;25.2.2022;2499;G-HSH-PbK-24726
1;1601847;17.2.2022;4597;G-HSH-PbK-24734
1;1601847;17.2.2022;32599;G-HSH-PbK-24737
1;1601847;18.2.2022;6999;G-HSH-PbK-24776
1;1601847;18.2.2022;5499;G-HSH-PbK-24828
1;1601847;24.2.2022;499;G-HSH-PbK-24844
1;1601847;18.2.2022;5999;G-HSH-PbK-24852
1;1601847;18.2.2022;1099;G-HSH-PbK-24854
1;1601847;24.2.2022;4999;G-HSH-PbK-24872
1;1601847;19.2.2022;39989;G-HSH-PbK-24920
1;1601847;22.2.2022;2499;G-HSH-PbK-25277
1;1601847;23.2.2022;4499;G-HSH-PbK-25470
1;1601848;3.2.2022;74985;G-HSH-PbK-21837
1;1601848;1.2.2022;79089;G-HSH-PbK-22028
1;1601848;1.2.2022;84999;G-HSH-PbK-22108
1;1601848;2.2.2022;2199;G-HSH-PbK-22199
1;1601848;4.2.2022;30999;G-HSH-PbK-22466
1;1601848;2.2.2022;10669;G-HSH-PbK-22484
1;1601848;2.2.2022;59999;G-HSH-PbK-22493
1;1601848;2.2.2022;1998;G-HSH-PbK-23104
1;1601848;4.2.2022;7598;G-HSH-PbK-23273
1;1601848;5.2.2022;20996;G-HSH-PbK-23400
1;1601848;11.2.2022;33189;G-HSH-PbK-23452
1;1601848;10.2.2022;11599;G-HSH-PbK-23459
1;1601848;5.2.2022;64898;G-HSH-PbK-23475
1;1601848;7.2.2022;19595;G-HSH-PbK-23496
1;1601848;14.2.2022;16999;G-HSH-PbK-23665
1;1601848;8.2.2022;899;G-HSH-PbK-23702
1;1601848;9.2.2022;3838;G-HSH-PbK-23704
1;1601848;17.2.2022;2299;G-HSH-PbK-24478
1;1601848;25.2.2022;6388;G-HSH-PbK-24513
1;1601848;15.2.2022;3099;G-HSH-PbK-24554
1;1601848;21.2.2022;36999;G-HSH-PbK-24563
1;1601848;15.2.2022;1299;G-HSH-PbK-24574
1;1601848;18.2.2022;6886;G-HSH-PbK-24604
1;1601848;16.2.2022;19999;G-HSH-PbK-24651
1;1601848;17.2.2022;4398;G-HSH-PbK-24753
1;1601848;25.2.2022;1399;G-HSH-PbK-24773
1;1601848;17.2.2022;17499;G-HSH-PbK-24787
1;1601848;17.2.2022;6139;G-HSH-PbK-24819
1;1601848;18.2.2022;2899;G-HSH-PbK-24887
1;1601848;20.2.2022;55999;G-HSH-PbK-24911
1;1601848;21.2.2022;2899;G-HSH-PbK-24929
1;1601848;19.2.2022;4499;G-HSH-PbK-24944
1;1601848;21.2.2022;130999;G-HSH-PbK-24971
1;1601848;21.2.2022;10197;G-HSH-PbK-24972
1;1601848;19.2.2022;83390;G-HSH-PbK-24973
1;1601848;19.2.2022;2999;G-HSH-PbK-24985
1;1601848;23.2.2022;2599;G-HSH-PbK-24989
1;1601848;23.2.2022;7599;G-HSH-PbK-25039
1;1601848;24.2.2022;3499;G-HSH-PbK-25208
1;1601848;24.2.2022;43999;G-HSH-PbK-25209
1;1601848;22.2.2022;5099;G-HSH-PbK-25215
1;1601848;23.2.2022;5999;G-HSH-PbK-25334
1;1601848;25.2.2022;20999;G-HSH-PbK-25429
1;1601848;26.2.2022;20999;G-HSH-PbK-25565
1;1601848;24.2.2022;6199;G-HSH-PbK-25604
1;1601848;25.2.2022;3999;G-HSH-PbK-25695
1;1601848;25.2.2022;4019;G-HSH-PbK-25706
1;1601848;26.2.2022;51999;G-HSH-PbK-25802
1;1601848;26.2.2022;1799;G-HSH-PbK-25812
1;1601873;1.2.2022;1098;G-HSH-PbK-22306
1;1601873;2.2.2022;599998;G-HSH-PbK-22371
1;1601873;2.2.2022;6669;G-HSH-PbK-22796
1;1601873;7.2.2022;57999;G-HSH-PbK-22952
1;1601873;1.2.2022;1899;G-HSH-PbK-22953
1;1601873;2.2.2022;15999;G-HSH-PbK-22964
1;1601873;2.2.2022;3999;G-HSH-PbK-22967
1;1601873;8.2.2022;63804;G-HSH-PbK-23033
1;1601873;2.2.2022;23999;G-HSH-PbK-23129
1;1601873;3.2.2022;3599;G-HSH-PbK-23142
1;1601873;3.2.2022;5999;G-HSH-PbK-23151
1;1601873;4.2.2022;99999;G-HSH-PbK-23277
1;1601873;12.2.2022;63339;G-HSH-PbK-23278
1;1601873;4.2.2022;25999;G-HSH-PbK-23392
1;1601873;8.2.2022;45999;G-HSH-PbK-23393
1;1601873;4.2.2022;7996;G-HSH-PbK-23429
1;1601873;5.2.2022;9499;G-HSH-PbK-23449
1;1601873;11.2.2022;15999;G-HSH-PbK-23461
1;1601873;5.2.2022;4269;G-HSH-PbK-23473
1;1601873;7.2.2022;19999;G-HSH-PbK-23491
1;1601873;7.2.2022;34998;G-HSH-PbK-23497
1;1601873;7.2.2022;2499;G-HSH-PbK-23545
1;1601873;7.2.2022;3999;G-HSH-PbK-23550
1;1601873;7.2.2022;9499;G-HSH-PbK-23593
1;1601873;9.2.2022;20396;G-HSH-PbK-23639
1;1601873;8.2.2022;5589;G-HSH-PbK-23684
1;1601873;9.2.2022;999;G-HSH-PbK-23755
1;1601873;8.2.2022;33998;G-HSH-PbK-23767
1;1601873;21.2.2022;5099;G-HSH-PbK-23778
1;1601873;11.2.2022;4559;G-HSH-PbK-23827
1;1601873;10.2.2022;1699;G-HSH-PbK-23908
1;1601873;12.2.2022;29999;G-HSH-PbK-24030
1;1601873;14.2.2022;3699;G-HSH-PbK-24032
1;1601873;11.2.2022;16999;G-HSH-PbK-24161
1;1601873;23.2.2022;2499;G-HSH-PbK-24170
1;1601873;18.2.2022;81999;G-HSH-PbK-24198
1;1601873;11.2.2022;21999;G-HSH-PbK-24254
1;1601873;11.2.2022;3999;G-HSH-PbK-24298
1;1601873;17.2.2022;13799;G-HSH-PbK-24475
1;1601873;14.2.2022;1599;G-HSH-PbK-24487
1;1601873;15.2.2022;1509;G-HSH-PbK-24530
1;1601873;22.2.2022;1799;G-HSH-PbK-24577
1;1601873;15.2.2022;760;G-HSH-PbK-24592
1;1601873;21.2.2022;119999;G-HSH-PbK-24598
1;1601873;18.2.2022;559;G-HSH-PbK-24609
1;1601873;24.2.2022;2598;G-HSH-PbK-24778
1;1601873;21.2.2022;14998;G-HSH-PbK-24813
1;1601873;21.2.2022;5199;G-HSH-PbK-24923
1;1601873;21.2.2022;11549;G-HSH-PbK-24945
1;1601873;21.2.2022;23999;G-HSH-PbK-24948
1;1601873;25.2.2022;199;G-HSH-PbK-24979
1;1601873;19.2.2022;4999;G-HSH-PbK-24984
1;1601873;25.2.2022;13999;G-HSH-PbK-25184
1;1601873;23.2.2022;1999;G-HSH-PbK-25335
1;1601873;23.2.2022;9999;G-HSH-PbK-25395
1;1601873;24.2.2022;2059;G-HSH-PbK-25433
1;1601873;25.2.2022;6999;G-HSH-PbK-25485
1;1601873;24.2.2022;129999;G-HSH-PbK-25516
1;1601873;24.2.2022;3999;G-HSH-PbK-25600
1;1601873;25.2.2022;20999;G-HSH-PbK-25643
1;1601873;25.2.2022;1199;G-HSH-PbK-25667
1;1601873;25.2.2022;3499;G-HSH-PbK-25735
1;1601891;2.2.2022;2199;G-HSH-PbK-22670
1;1601891;1.2.2022;1499;G-HSH-PbK-22824
1;1601891;1.2.2022;2499;G-HSH-PbK-22849
1;1601891;4.2.2022;1299;G-HSH-PbK-22871
1;1601891;1.2.2022;15976;G-HSH-PbK-22877
1;1601891;1.2.2022;3899;G-HSH-PbK-22896
1;1601891;1.2.2022;3299;G-HSH-PbK-22905
1;1601891;2.2.2022;4999;G-HSH-PbK-23020
1;1601891;2.2.2022;3999;G-HSH-PbK-23037
1;1601891;2.2.2022;37999;G-HSH-PbK-23041
1;1601891;4.2.2022;39999;G-HSH-PbK-23085
1;1601891;3.2.2022;4333;G-HSH-PbK-23176
1;1601891;3.2.2022;25979;G-HSH-PbK-23179
1;1601891;9.2.2022;37798;G-HSH-PbK-23203
1;1601891;3.2.2022;5999;G-HSH-PbK-23235
1;1601891;4.2.2022;799;G-HSH-PbK-23310
1;1601891;8.2.2022;45897;G-HSH-PbK-23383
1;1601891;9.2.2022;6999;G-HSH-PbK-23493
1;1601891;8.2.2022;4999;G-HSH-PbK-23534
1;1601891;11.2.2022;3299;G-HSH-PbK-23548
1;1601891;11.2.2022;2499;G-HSH-PbK-23554
1;1601891;9.2.2022;39699;G-HSH-PbK-23567
1;1601891;10.2.2022;2298;G-HSH-PbK-23578
1;1601891;15.2.2022;64999;G-HSH-PbK-23598
1;1601891;8.2.2022;5998;G-HSH-PbK-23765
1;1601891;8.2.2022;30999;G-HSH-PbK-23802
1;1601891;8.2.2022;30999;G-HSH-PbK-23803
1;1601891;9.2.2022;5999;G-HSH-PbK-23840
1;1601891;15.2.2022;44698;G-HSH-PbK-23880
1;1601891;10.2.2022;899;G-HSH-PbK-23919
1;1601891;10.2.2022;52999;G-HSH-PbK-23928
1;1601891;9.2.2022;4789;G-HSH-PbK-23933
1;1601891;10.2.2022;12599;G-HSH-PbK-24004
1;1601891;17.2.2022;1999;G-HSH-PbK-24048
1;1601891;10.2.2022;27999;G-HSH-PbK-24053
1;1601891;16.2.2022;176999;G-HSH-PbK-24054
1;1601891;10.2.2022;2599;G-HSH-PbK-24073
1;1601891;18.2.2022;149998;G-HSH-PbK-24076
1;1601891;24.2.2022;799;G-HSH-PbK-24150
1;1601891;19.2.2022;2999;G-HSH-PbK-24153
1;1601891;18.2.2022;9719;G-HSH-PbK-24154
1;1601891;11.2.2022;839;G-HSH-PbK-24156
1;1601891;11.2.2022;7598;G-HSH-PbK-24181
1;1601891;11.2.2022;3669;G-HSH-PbK-24222
1;1601891;11.2.2022;43999;G-HSH-PbK-24230
1;1601891;11.2.2022;79999;G-HSH-PbK-24268
1;1601891;14.2.2022;1099;G-HSH-PbK-24380
1;1601891;14.2.2022;1699;G-HSH-PbK-24393
1;1601891;23.2.2022;12897;G-HSH-PbK-24423
1;1601891;17.2.2022;4499;G-HSH-PbK-24441
1;1601891;14.2.2022;12999;G-HSH-PbK-24444
1;1601891;14.2.2022;1598;G-HSH-PbK-24458
1;1601891;14.2.2022;89999;G-HSH-PbK-24473
1;1601891;16.2.2022;5499;G-HSH-PbK-24550
1;1601891;15.2.2022;14396;G-HSH-PbK-24555
1;1601891;18.2.2022;39599;G-HSH-PbK-24617
1;1601891;16.2.2022;23999;G-HSH-PbK-24625
1;1601891;17.2.2022;30999;G-HSH-PbK-24690
1;1601891;17.2.2022;21999;G-HSH-PbK-24705
1;1601891;17.2.2022;89999;G-HSH-PbK-24807
1;1601891;22.2.2022;1699;G-HSH-PbK-24866
1;1601891;18.2.2022;999;G-HSH-PbK-24875
1;1601891;22.2.2022;3500;G-HSH-PbK-24898
1;1601891;24.2.2022;27999;G-HSH-PbK-25165
1;1601891;22.2.2022;4696;G-HSH-PbK-25199
1;1601891;22.2.2022;12439;G-HSH-PbK-25214
1;1601891;22.2.2022;2299;G-HSH-PbK-25262
1;1601891;25.2.2022;1099;G-HSH-PbK-25369
1;1601891;23.2.2022;5398;G-HSH-PbK-25391
1;1601891;23.2.2022;4999;G-HSH-PbK-25394
1;1601891;24.2.2022;5999;G-HSH-PbK-25399
1;1601891;24.2.2022;2999;G-HSH-PbK-25521
1;1601891;26.2.2022;22999;G-HSH-PbK-25691
1;1601954;4.2.2022;4798;G-HSH-PbK-22521
1;1601954;7.2.2022;71298;G-HSH-PbK-22563
1;1601954;1.2.2022;33189;G-HSH-PbK-22617
1;1601954;1.2.2022;15559;G-HSH-PbK-22621
1;1601954;15.2.2022;599;G-HSH-PbK-22717
1;1601954;1.2.2022;33497;G-HSH-PbK-22807
1;1601954;1.2.2022;15999;G-HSH-PbK-22823
1;1601954;4.2.2022;90995;G-HSH-PbK-22830
1;1601954;1.2.2022;19999;G-HSH-PbK-22884
1;1601954;1.2.2022;43999;G-HSH-PbK-22903
1;1601954;1.2.2022;21999;G-HSH-PbK-22904
1;1601954;1.2.2022;75297;G-HSH-PbK-22955
1;1601954;2.2.2022;2161;G-HSH-PbK-23004
1;1601954;8.2.2022;33999;G-HSH-PbK-23026
1;1601954;2.2.2022;2998;G-HSH-PbK-23028
1;1601954;3.2.2022;3999;G-HSH-PbK-23029
1;1601954;2.2.2022;2999;G-HSH-PbK-23044
1;1601954;9.2.2022;15989;G-HSH-PbK-23051
1;1601954;3.2.2022;11999;G-HSH-PbK-23056
1;1601954;2.2.2022;13629;G-HSH-PbK-23058
1;1601954;3.2.2022;2099;G-HSH-PbK-23157
1;1601954;3.2.2022;599;G-HSH-PbK-23159
1;1601954;3.2.2022;6597;G-HSH-PbK-23181
1;1601954;7.2.2022;2999;G-HSH-PbK-23195
1;1601954;3.2.2022;9999;G-HSH-PbK-23201
1;1601954;6.2.2022;19999;G-HSH-PbK-23245
1;1601954;6.2.2022;22398;G-HSH-PbK-23288
1;1601954;9.2.2022;7739;G-HSH-PbK-23309
1;1601954;4.2.2022;5499;G-HSH-PbK-23315
1;1601954;9.2.2022;29639;G-HSH-PbK-23361
1;1601954;4.2.2022;20999;G-HSH-PbK-23368
1;1601954;26.2.2022;24879;G-HSH-PbK-23396
1;1601954;17.2.2022;132228;G-HSH-PbK-23754
1;1601954;8.2.2022;2219;G-HSH-PbK-23777
1;1601954;10.2.2022;3999;G-HSH-PbK-23780
1;1601954;8.2.2022;73900;G-HSH-PbK-23786
1;1601954;9.2.2022;2469;G-HSH-PbK-23927
1;1601954;10.2.2022;66999;G-HSH-PbK-23929
1;1601954;14.2.2022;6999;G-HSH-PbK-23964
1;1601954;10.2.2022;1999;G-HSH-PbK-23968
1;1601954;14.2.2022;16999;G-HSH-PbK-23982
1;1601954;11.2.2022;3299;G-HSH-PbK-23984
1;1601954;9.2.2022;22999;G-HSH-PbK-23986
1;1601954;10.2.2022;30219;G-HSH-PbK-24096
1;1601954;11.2.2022;5499;G-HSH-PbK-24110
1;1601954;11.2.2022;11199;G-HSH-PbK-24127
1;1601954;11.2.2022;3999;G-HSH-PbK-24276
1;1601954;14.2.2022;5567;G-HSH-PbK-24285
1;1601954;15.2.2022;37779;G-HSH-PbK-24297
1;1601954;11.2.2022;2499;G-HSH-PbK-24303
1;1601954;14.2.2022;6999;G-HSH-PbK-24334
1;1601954;14.2.2022;7499;G-HSH-PbK-24346
1;1601954;14.2.2022;16198;G-HSH-PbK-24362
1;1601954;20.2.2022;12999;G-HSH-PbK-24365
1;1601954;13.2.2022;38999;G-HSH-PbK-24366
1;1601954;18.2.2022;1999;G-HSH-PbK-24409
1;1601954;14.2.2022;69999;G-HSH-PbK-24430
1;1601954;14.2.2022;69999;G-HSH-PbK-24433
1;1601954;14.2.2022;1299;G-HSH-PbK-24447
1;1601954;16.2.2022;21999;G-HSH-PbK-24455
1;1601954;14.2.2022;1699;G-HSH-PbK-24467
1;1601954;25.2.2022;3056;G-HSH-PbK-24483
1;1601954;22.2.2022;1699;G-HSH-PbK-24534
1;1601954;15.2.2022;4499;G-HSH-PbK-24535
1;1601954;15.2.2022;5919;G-HSH-PbK-24559
1;1601954;15.2.2022;2519;G-HSH-PbK-24578
1;1601954;15.2.2022;8599;G-HSH-PbK-24582
1;1601954;22.2.2022;3199;G-HSH-PbK-24583
1;1601954;15.2.2022;29998;G-HSH-PbK-24584
1;1601954;17.2.2022;1599;G-HSH-PbK-24765
1;1601954;18.2.2022;31109;G-HSH-PbK-24831
1;1601954;22.2.2022;37199;G-HSH-PbK-24842
1;1601954;20.2.2022;129999;G-HSH-PbK-24847
1;1601954;23.2.2022;16999;G-HSH-PbK-24865
1;1601954;18.2.2022;6599;G-HSH-PbK-24873
1;1601954;18.2.2022;64999;G-HSH-PbK-24876
1;1601954;21.2.2022;8199;G-HSH-PbK-24878
1;1601954;22.2.2022;69999;G-HSH-PbK-24899
1;1601954;18.2.2022;4999;G-HSH-PbK-24915
1;1601954;22.2.2022;3499;G-HSH-PbK-25032
1;1601954;21.2.2022;1999;G-HSH-PbK-25122
1;1601954;17.2.2022;83175;G-HSH-PbK-25132
1;1601954;22.2.2022;47998;G-HSH-PbK-25227
1;1601954;22.2.2022;1499;G-HSH-PbK-25286
1;1601954;23.2.2022;1599;G-HSH-PbK-25422
1;1601954;25.2.2022;69796;G-HSH-PbK-25430
1;1601954;24.2.2022;13999;G-HSH-PbK-25448
1;1601954;26.2.2022;3479;G-HSH-PbK-25605
1;1601954;24.2.2022;89999;G-HSH-PbK-25619
1;1601954;27.2.2022;7999;G-HSH-PbK-25620
1;1601954;24.2.2022;599;G-HSH-PbK-25626
1;1601954;25.2.2022;6999;G-HSH-PbK-25736
1;1601954;25.2.2022;969;G-HSH-PbK-25762
1;1601954;26.2.2022;9999;G-HSH-PbK-25789
1;1601954;26.2.2022;4499;G-HSH-PbK-25790
1;1601954;26.2.2022;116519;G-HSH-PbK-25805
1;1601954;26.2.2022;4999;G-HSH-PbK-25808
1;1601954;26.2.2022;119899;G-HSH-PbK-25818
1;1601984;21.2.2022;17598;G-HSH-PbK-25133
1;WEB;3.2.2022;12999;G-HSH-PbK-23284
1;WEB;10.2.2022;124438;G-HSH-PbK-24147
1;WEB;11.2.2022;2999;G-HSH-PbK-24292
1;WEB;12.2.2022;1999;G-HSH-PbK-24372
1;WEB;23.2.2022;12999;G-HSH-PbK-25464
1;WEB;4.2.2022;4648;G-HSH-PbK-25480
1;WEB;4.2.2022;4648;G-HSH-PbK-25780
